date,views
2025-07-01,3864
2025-07-02,4831
2025-07-03,4599
2025-07-04,4237
2025-07-05,4707
2025-07-06,5053
2025-07-07,4786
2025-07-08,4391
2025-07-09,4107
2025-07-10,3925
2025-07-11,4023
2025-07-12,4313
2025-07-13,4894
2025-07-14,5566
2025-07-15,4856
2025-07-16,4420
2025-07-17,4190
2025-07-18,3980
2025-07-19,4847
2025-07-20,5523
2025-07-21,6267
2025-07-22,6454
2025-07-23,7547
2025-07-24,9097
2025-07-25,13890
2025-07-26,14542
2025-07-27,15233
2025-07-28,12977
2025-07-29,10127
2025-07-30,9143
2025-07-31,13297
2025-08-01,48392
2025-08-02,81317
2025-08-03,60868
2025-08-04,47612
2025-08-05,36383
2025-08-06,35544
2025-08-07,28951
2025-08-08,22675
2025-08-09,21080
2025-08-10,29258
2025-08-11,27136
2025-08-12,21194
2025-08-13,17097
2025-08-14,15237
2025-08-15,14070
2025-08-16,14100
2025-08-17,14534
2025-08-18,13065
2025-08-19,11435
2025-08-20,14408
2025-08-21,18448
2025-08-22,12695
2025-08-23,12004
2025-08-24,12229
2025-08-25,11929
2025-08-26,10326
2025-08-27,11552
2025-08-28,11521
2025-08-29,10348
2025-08-30,11098
2025-08-31,11955
2025-09-01,11166
2025-09-02,10184
2025-09-03,8903
2025-09-04,8465
2025-09-05,8500
2025-09-06,9853
2025-09-07,10272
2025-09-08,8361
2025-09-09,7583
2025-09-10,7224
2025-09-11,6847
2025-09-12,7670
2025-09-13,8384
2025-09-14,8568
2025-09-15,9883
2025-09-16,7888
2025-09-17,7224
2025-09-18,6509
2025-09-19,6802
2025-09-20,8361
2025-09-21,12384
2025-09-22,17859
2025-09-23,17556
2025-09-24,17343
2025-09-25,12234
2025-09-26,9797
2025-09-27,10112
2025-09-28,12507
2025-09-29,10473
2025-09-30,9501
2025-10-01,8704
2025-10-02,8155
2025-10-03,7789
2025-10-04,7796
2025-10-05,8602
2025-10-06,7746
2025-10-07,7078
2025-10-08,6673
2025-10-09,6918
2025-10-10,7819
2025-10-11,8767
2025-10-12,9003
2025-10-13,7662
2025-10-14,6995
2025-10-15,6384
2025-10-16,6338
2025-10-17,6552
2025-10-18,6892
2025-10-19,8915
2025-10-20,10644
2025-10-21,9079
2025-10-22,7605
2025-10-23,6997
2025-10-24,7417
2025-10-25,6985
2025-10-26,7919
2025-10-27,7821
2025-10-28,7366
2025-10-29,6480
2025-10-30,6564
2025-10-31,6256
2025-11-01,6869
2025-11-02,7509
2025-11-03,7906
2025-11-04,7258
2025-11-05,7654
2025-11-06,8535
2025-11-07,10501
2025-11-08,11656
2025-11-09,11262
2025-11-10,10100
2025-11-11,9102
2025-11-12,9187
2025-11-13,8878
2025-11-14,9020
2025-11-15,9363
2025-11-16,10511
2025-11-17,9799
2025-11-18,11794
2025-11-19,11293
2025-11-20,10082
2025-11-21,9477
2025-11-22,9726
2025-11-23,10364
2025-11-24,9211
2025-11-25,9564
2025-11-26,8689
2025-11-27,9998
2025-11-28,10556
2025-11-29,13366
2025-11-30,13046
2025-12-01,10905
2025-12-02,9711
2025-12-03,9766
2025-12-04,9317
2025-12-05,8886
2025-12-06,10748
2025-12-07,11137
2025-12-08,11315
2025-12-09,11455
2025-12-10,10824
2025-12-11,10064
2025-12-12,8995
2025-12-13,10083
2025-12-14,10262
2025-12-15,10743
2025-12-16,12947
2025-12-17,20395
2025-12-18,15365
2025-12-19,13351
2025-12-20,14717
2025-12-21,13823
2025-12-22,15563
2025-12-23,26078
2025-12-24,18604
2025-12-25,15646
2025-12-26,19042
2025-12-27,18487
2025-12-28,18295
2025-12-29,16194
2025-12-30,16866
2025-12-31,15426
2026-01-01,21540
2026-01-02,22481
2026-01-03,18957
2026-01-04,18498
2026-01-05,17357
2026-01-06,25514
2026-01-07,24665
2026-01-08,18390
2026-01-09,16146
2026-01-10,16561
2026-01-11,16942
2026-01-12,15857
2026-01-13,16199
2026-01-14,16156
2026-01-15,15700
2026-01-16,13884
2026-01-17,15207
2026-01-18,15723
2026-01-19,15012
2026-01-20,15491
2026-01-21,15744
2026-01-22,12969
2026-01-23,12615
2026-01-24,13019
2026-01-25,14001
2026-01-26,13046
2026-01-27,12157
2026-01-28,12829
2026-01-29,12466
2026-01-30,11876
2026-01-31,12317
2026-02-01,13394
2026-02-02,13132
2026-02-03,12028
2026-02-04,10387
2026-02-05,10140
2026-02-06,10072
2026-02-07,11706
2026-02-08,13255
2026-02-09,13386
2026-02-10,11530
2026-02-11,11474
2026-02-12,11436
2026-02-13,11305
2026-02-14,12551
2026-02-15,15158
2026-02-16,15227
2026-02-17,12363
2026-02-18,13038
2026-02-19,15585
2026-02-20,12257
2026-02-21,11647
2026-02-22,12743
2026-02-23,12023
2026-02-24,10977
2026-02-25,10398
2026-02-26,10477
2026-02-27,10649
2026-02-28,9497
2026-03-01,11215
2026-03-02,14191
2026-03-03,11781
2026-03-04,10306
2026-03-05,9715
2026-03-06,9893
2026-03-07,10472
2026-03-08,10577
2026-03-09,10480
2026-03-10,9937
2026-03-11,9107
2026-03-12,9923
2026-03-13,10842
2026-03-14,11312
2026-03-15,12165
2026-03-16,13525
2026-03-17,32098
2026-03-18,280152
2026-03-19,154062
2026-03-20,73334
2026-03-21,48930
2026-03-22,37803
2026-03-23,31398
2026-03-24,26152
2026-03-25,23864
2026-03-26,18423
2026-03-27,17556
2026-03-28,17121
2026-03-29,16755
2026-03-30,15105
2026-03-31,14575
2026-04-01,14501
2026-04-02,14223
2026-04-03,13897
2026-04-04,13165
2026-04-05,12997
2026-04-06,13301
2026-04-07,11107
2026-04-08,10843
2026-04-09,12042
2026-04-10,11906
2026-04-11,10971
2026-04-12,11875
2026-04-13,11246
2026-04-14,22787
2026-04-15,14790
2026-04-16,13676
2026-04-17,13578
2026-04-18,13001
2026-04-19,13099
2026-04-20,12237
2026-04-21,11440
2026-04-22,11708
2026-04-23,10996
2026-04-24,9837
2026-04-25,11418
2026-04-26,12708
2026-04-27,12191
2026-04-28,10862
2026-04-29,11175
2026-04-30,11065
2026-05-01,11470
2026-05-02,11695
2026-05-03,12485
2026-05-04,11781
2026-05-05,11128
2026-05-06,13246
2026-05-07,11755
2026-05-08,10522
2026-05-09,11245
2026-05-10,11635
2026-05-11,11379
2026-05-12,10874
2026-05-13,16017
2026-05-14,18065
2026-05-15,14888
2026-05-16,13201
2026-05-17,13325
2026-05-18,12290
2026-05-19,11002
2026-05-20,10329
2026-05-21,9912
2026-05-22,10284
2026-05-23,10804
2026-05-24,11437
2026-05-25,12406
2026-05-26,11776
2026-05-27,11671
2026-05-28,12554
2026-05-29,13575
2026-05-30,13340
2026-05-31,14486
2026-06-01,16534
2026-06-02,18098
2026-06-03,17746
2026-06-04,16101
2026-06-05,14554
2026-06-06,14475
2026-06-07,16053
2026-06-08,17328
2026-06-09,16647
2026-06-10,20839
2026-06-11,18219
2026-06-12,15655
2026-06-13,14552
2026-06-14,15444
2026-06-15,19081
2026-06-16,24357
2026-06-17,64872
2026-06-18,90915
2026-06-19,50111
2026-06-20,37230
2026-06-21,30927
2026-06-22,29236
2026-06-23,27140
2026-06-24,25493
2026-06-25,24737
2026-06-26,24333
2026-06-27,24487
2026-06-28,24997
2026-06-29,22860
2026-06-30,25484
2026-07-01,25901
2026-07-02,25611
2026-07-03,25607
2026-07-04,24164
2026-07-05,27445
2026-07-06,24981
2026-07-07,25037
2026-07-08,25717
2026-07-09,26074
2026-07-10,28491
2026-07-11,30448
2026-07-12,31072
2026-07-13,31503
2026-07-14,32559
2026-07-15,32621
2026-07-16,37774
2026-07-17,43115
2026-07-18,45828
2026-07-19,50102
2026-07-20,60009
2026-07-21,73423
2026-07-22,65104
2026-07-23,63425
2026-07-24,66625
2026-07-25,68952
2026-07-26,84929
2026-07-27,105027
2026-07-28,361888
2026-07-29,660682
2026-07-30,1072377
2026-07-31,984737
2026-08-01,867733
2026-08-02,909906
2026-08-03,852150
2026-08-04,638274
2026-08-05,518668
2026-08-06,411444
2026-08-07,379690
2026-08-08,401981
2026-08-09,427106
2026-08-10,366788
2026-08-11,286897
2026-08-12,257634
2026-08-13,230600
2026-08-14,220914
2026-08-15,262700
2026-08-16,325876
2026-08-17,260426
2026-08-18,212283
2026-08-19,187879
2026-08-20,162483
2026-08-21,156239
2026-08-22,173427
2026-08-23,191809
2026-08-24,168945
2026-08-25,141403
2026-08-26,125751
2026-08-27,108750
2026-08-28,111835
2026-08-29,132151
2026-08-30,150120
2026-08-31,133036
2026-09-01,102473
2026-09-02,93433
2026-09-03,83865
2026-09-04,85913
2026-09-05,92152
2026-09-06,104795
2026-09-07,96039
2026-09-08,76988
2026-09-09,66065
2026-09-10,60830
2026-09-11,61654
2026-09-12,68333
2026-09-13,86136
2026-09-14,71848
2026-09-15,56159
2026-09-16,64610
2026-09-17,61182
2026-09-18,50409
2026-09-19,51974
2026-09-20,57007
2026-09-21,46967
2026-09-22,40244
2026-09-23,40478
2026-09-24,37730
2026-09-25,39098
2026-09-26,43347
2026-09-27,50367
2026-09-28,45925
2026-09-29,44670
2026-09-30,38036
2026-10-01,33363
2026-10-02,32928
2026-10-03,35264
2026-10-04,44036
2026-10-05,48715
2026-10-06,68191
2026-10-07,69713
2026-10-08,58300
