date,gross,theaters
2026-07-17,50977435,3919
2026-07-18,41735485,3919
2026-07-19,30789980,3919
2026-07-20,18677415,3919
2026-07-21,21498195,3919
2026-07-22,18067805,3919
2026-07-23,17625485,3919
2026-07-24,25676880,3942
2026-07-25,34567335,3942
2026-07-26,29778295,3942
2026-07-27,14717905,3942
2026-07-28,16441360,3942
2026-07-29,13624580,3942
2026-07-30,10347260,3942
2026-07-31,14152355,3861
2026-08-01,19313060,3861
2026-08-02,17582405,3861
2026-08-03,9677225,3861
2026-08-04,8844695,3861
2026-08-05,8393515,3861
2026-08-06,7184220,3861
2026-08-07,8830705,3603
2026-08-08,12423315,3603
2026-08-09,10458135,3603
2026-08-10,5174235,3603
2026-08-11,5601065,3603
2026-08-12,4938010,3603
2026-08-13,4382015,3603
2026-08-14,6440095,3217
2026-08-15,9234115,3217
2026-08-16,7932675,3217
2026-08-17,3695365,3217
2026-08-18,4021965,3217
2026-08-19,3480210,3217
2026-08-20,3275755,3217
2026-08-21,5091205,3091
2026-08-22,8110460,3091
2026-08-23,6507415,3091
2026-08-24,2611785,3091
2026-08-25,3030440,3091
2026-08-26,2308645,3091
2026-08-27,2301105,3091
2026-08-28,3786990,2617
2026-08-29,5896995,2617
2026-08-30,4669810,2617
2026-08-31,1921045,2617
2026-09-01,2267495,2617
2026-09-02,1843095,2617
2026-09-03,1869930,2617
2026-09-04,3107495,2312
2026-09-05,4787405,2312
2026-09-06,5200230,2312
2026-09-07,4114830,2312
2026-09-08,1602390,2312
2026-09-09,1262245,2312
2026-09-10,1255715,2312
2026-09-11,2072380,1983
2026-09-12,3105020,1983
2026-09-13,2415350,1983
2026-09-14,1031535,1983
2026-09-15,1194435,1983
2026-09-16,1132895,1983
2026-09-17,798850,1983
2026-09-18,1359530,1546
2026-09-19,2007480,1546
2026-09-20,1586945,1546
2026-09-21,773825,1546
