date,platform,author,text,engagement,url,type,query
2026-10-02T12:37:21Z,Mastodon,WePlayers@mastodon.art,A week aweigh! Our short run of ODYSSEA arrives October 8. Don't miss this dirty-and-nerdy spin on Homer's epic! https://www.weplayers.org #TheOdyssey #Academia #Homer,0,https://mastodon.art/@WePlayers/117371348033958813,post,#TheOdyssey
2026-09-30T22:20:04Z,Mastodon,variety_feed,"Golden Globes Predictions: Let the Genre Games Begin for ‘Obsession,’ ‘Michael,’ ‘Wildwood’ and More #Variety #Awards #Columns #GoldenGlobes #Labolanegra #TheInvite #TheOdyssey https://variety.com/lists/2027-golden-globes-predictions/",0,https://mastodon.social/@variety_feed/117362314736275561,post,#TheOdyssey
2026-09-30T19:07:58Z,Mastodon,Kavou1604,https://youtube.com/shorts/HqppdailSaA?si=GQmLZPlBmsP3Hlce Agamemnon AURA🥵🔥 || The ODESSEY edit || #agamemnon #edit #aura #theodyssey #christophernolan,0,https://mastodon.social/@Kavou1604/117361559394328479,post,#TheOdyssey
2026-09-30T13:13:57Z,Mastodon,in.mashable.com@web.brid.gy,Grok Imagine & Wonder Studios AI Odyssey Has The Internet Divided [Watch] https://fed.brid.gy/r/https://in.mashable.com/entertainment/114453/grok-imagine-wonder-studios-ai-odyssey-has-the-internet-divided-watch,0,https://fed.brid.gy/r/https://in.mashable.com/entertainment/114453/grok-imagine-wonder-studios-ai-odyssey-has-the-internet-divided-watch,post,#TheOdyssey
2026-09-29T18:01:40Z,Mastodon,indiegenius,"Movie TV Tech Geeks #Movie #TheOdyssey #ItEnds #Obsession The 5 Best Movies of the Last 6 Months, Ranked http://dlvr.it/TVhwQc",0,https://mastodon.social/@indiegenius/117355636356976294,post,#TheOdyssey
2026-09-28T19:25:33Z,Mastodon,liveterra.wordpress.com@liveterra.wordpress.com,"THE ODYSSEY — THE LONG WAY HOME Penelope once tells Odysseus, “Stay with me.” But Odysseus chooses war. He leaves the woman he loves, his home, and the life that might have been his, believing that glory, duty, and victory are worth the price.Then comes Troy.Odysseus wins the war not through strength, but through his mind. The Trojan Horse becomes the symbol of his greatest triumph: a victory born from deception, patience, and cunning.But every victory has a shadow.The horse that opens the gates of Troy also opens the […] https://liveterra.wordpress.com/2026/09/28/the-odyssey-the-long-way-home/",2,https://liveterra.wordpress.com/2026/09/28/the-odyssey-the-long-way-home/,post,#TheOdyssey
2026-09-28T01:25:03Z,Mastodon,variety_feed,Korea Box Office: ‘The Assassin(s)’ and ‘Tazza 4’ Dominate Chuseok Holiday Weekend Surge #Variety #Asia #BoxOffice #Global #News #HurJinho #TheAssassins #TheIntern #TheOdyssey https://variety.com/2026/film/box-office/korea-box-office-the-assassins-tazza-4-chuseok-holiday-weekend-1236877125/,1,https://mastodon.social/@variety_feed/117346055199259815,post,#TheOdyssey
2026-09-27T17:30:42Z,Mastodon,Literarion@fandom.ink,"Have two(!) bonus episodes for the full-cast reading of The Odyssey: The most hilarious blooper reel I have ever made (seriously!), and a conversation with some of the cast members. 117 min | Mature https://archiveofourown.org/works/57114529/chapters/243631416 #TheOdyssey #podfic #Homer #Odyssey",0,https://fandom.ink/@Literarion/117344189997911990,post,#TheOdyssey
2026-09-25T23:23:26Z,Mastodon,comingsoon.net@web.brid.gy,The Odyssey’s Box Office Helps Universal Hit Remarkable Milestone https://fed.brid.gy/r/https://www.comingsoon.net/movies/news/2197926-the-odyssey-universal-5-billion-box-office-milestone,2,https://fed.brid.gy/r/https://www.comingsoon.net/movies/news/2197926-the-odyssey-universal-5-billion-box-office-milestone,post,#TheOdyssey
2026-09-25T18:05:27Z,Mastodon,hollywoodreporter,Universal Becomes First Studio to Cross $5B at 2026 Global Box Office #MovieNews #Movies #Boxoffice #ChristopherNolan #Michael #Obsession #TheOdyssey #TheSuperMarioGalaxyMovie #UniversalPictures https://www.hollywoodreporter.com/movies/movie-news/universal-first-studio-5-billion-2026-box-office-odyssey-1236710059/,0,https://mastodon.social/@hollywoodreporter/117333001962455178,post,#TheOdyssey
2026-09-25T18:00:07Z,Mastodon,deadline,Universal Becomes First Studio To Pass $5 Billion At Year-To-Date Global Box Office #News #Michael #Obsession #TheOdyssey #TheSuperMarioGalaxyMovie #Universal https://deadline.com/2026/09/universal-box-office-global-2026-record-1237113897/,0,https://mastodon.social/@deadline/117332981011843873,post,#TheOdyssey
2026-09-24T09:10:02Z,Mastodon,guardianfeeds@rssfeed.media,"Greek epics, gory obsessions and awkward invites: where does this year’s Oscars race stand? By Benjamin Lee Christopher Nolan’s The Odyssey might be the one to bear but a crop of competitors is starting to materialise https://www.theguardian.com/film/2026/sep/24/oscar-movie-contenders-predictions #Oscars #Awardsandprizes #Culture #Film #OliviaWilde #TheOdyssey #ChristopherNolan #RyanGosling #TheGuardian #BenjaminLee",0,https://rssfeed.media/@guardianfeeds/117325234364025766,post,#TheOdyssey
2026-09-23T14:34:41Z,Mastodon,TheMovieBlog@c.im,"The Odyssey Box Office Milestone Sees Epic Surpass Disney Record Christopher Nolan's latest mythological epic, The Odyssey, continues its historic run at the global box office. The film has officially crossed the $1.7 billion mark worldwide, cementing its status as one of the most successful theatrical releases of the year.... #ChristopherNolan #Disney #MattDamon #TheOdyssey #UniversalPictures https://www.themovieblog.com/2026/09/the-odyssey-box-office-milestone-disney-record/",0,https://c.im/@TheMovieBlog/117320848589700323,post,#TheOdyssey
2026-09-23T08:22:02Z,Mastodon,dmtalkies,Anne Hathaway will campaign in the Best Supporting Actress category for her role in Christopher Nolan’s The Odyssey. 🎬✨ #AnneHathaway #TheOdyssey,0,https://mastodon.social/@dmtalkies/117319383269519089,post,#TheOdyssey
2026-09-23T07:06:45Z,Mastodon,Eg0nJN@expressional.social,På en anden platform var der nogen der postede dette: The Odyssey 4K UHD Limited Edition contents I WANT ONE! #Film #PhysicalMedia #TheOdyssey,3,https://expressional.social/@Eg0nJN/117319087238495035,post,#TheOdyssey
2026-09-22T22:20:29Z,Mastodon,comingsoon.net@web.brid.gy,The Odyssey Fans Are Almost Out of Chances to See Christopher Nolan Movie in IMAX 70MM https://fed.brid.gy/r/https://www.comingsoon.net/movies/news/2195541-the-odyssey-nolan-fans-imax-70mm-matt-damon,2,https://fed.brid.gy/r/https://www.comingsoon.net/movies/news/2195541-the-odyssey-nolan-fans-imax-70mm-matt-damon,post,#TheOdyssey
2026-09-22T15:53:42Z,Mastodon,Hackread@mstdn.social,"Watch out: MovieReaper is infecting users through compromised torrents disguised as ""The Odyssey"", with Kaspersky identifying several hundred victims across multiple countries. Listen/Read: https://hackread.com/moviereaper-malware-odyssey-torrents-infect-users/ #Cybersecurity #MovieReaper #Malware #Torrents #TheOdyssey",0,https://mstdn.social/@Hackread/117315497004165530,post,#TheOdyssey
2026-09-22T14:34:44Z,Mastodon,TheMovieBlog@c.im,"The Odyssey Box Office Milestone Sees Epic Surpass Disney Record Christopher Nolan's latest mythological epic, The Odyssey, continues its historic run at the global box office. The film has officially crossed the $1.7 billion mark worldwide, cementing its status as one of the most successful theatrical releases of the year.... #ChristopherNolan #Disney #MattDamon #TheOdyssey #UniversalPictures https://www.themovieblog.com/2026/09/the-odyssey-box-office-milestone-disney-record/",0,https://c.im/@TheMovieBlog/117315186496001398,post,#TheOdyssey
2026-09-22T01:37:11Z,Mastodon,indiegenius,"Movie TV Tech Geeks #Movie #TheOdyssey #Oppenheimer #DunePartTwo 10 Best Epic Films of the 2020s So Far, Ranked http://dlvr.it/TVb36q",0,https://mastodon.social/@indiegenius/117312129007511815,post,#TheOdyssey
2026-09-21T18:23:25Z,Mastodon,comingsoon.net@web.brid.gy,"The Odyssey: Anne Hathaway’s Oscar Chances Just Got a Whole Lot Better, Here’s Why https://fed.brid.gy/r/https://www.comingsoon.net/movies/news/2194509-the-odyssey-anne-hathaway-oscar-chances-better",1,https://fed.brid.gy/r/https://www.comingsoon.net/movies/news/2194509-the-odyssey-anne-hathaway-oscar-chances-better,post,#TheOdyssey
2026-09-21T16:50:04Z,Mastodon,variety_feed,Anne Hathaway to Campaign in Supporting Actress for Christopher Nolan’s ‘The Odyssey’ (EXCLUSIVE) #Variety #Awards #News #AnneHathaway #Oscars #TheOdyssey https://variety.com/2026/film/awards/anne-hathaway-the-odyssey-supporting-actress-oscars-campaign-1236867058/,1,https://mastodon.social/@variety_feed/117310056346648738,post,#TheOdyssey
2026-09-21T16:49:00Z,Mastodon,movizark@mastodon.world,"Zach Cregger's 'Resident Evil' Reboot Surpasses Expectations with $60M & $108.3M Worldwide Opening at the BO!! #ResidentEvil, #TheWeight, #TheHistoryofConcrete, #SpiderManBrandNewDay, #PracticalMagic2, #TheOdyssey, #CoyoteVsAcme, #boxoffice",0,https://mastodon.world/@movizark/117310052151058467,post,#TheOdyssey
2026-09-21T14:34:40Z,Mastodon,TheMovieBlog@c.im,"The Odyssey Box Office Milestone Sees Epic Surpass Disney Record Christopher Nolan's latest mythological epic, The Odyssey, continues its historic run at the global box office. The film has officially crossed the $1.7 billion mark worldwide, cementing its status as one of the most successful theatrical releases of the year.... #ChristopherNolan #Disney #MattDamon #TheOdyssey #UniversalPictures https://www.themovieblog.com/2026/09/the-odyssey-box-office-milestone-disney-record/",0,https://c.im/@TheMovieBlog/117309523917245364,post,#TheOdyssey
2026-09-21T04:50:03Z,Mastodon,variety_feed,Korea Box Office: Local Comedy Remake ‘The Intern’ Leads Weekend Admissions as ‘The Odyssey’ Retains Revenue Crown #Variety #Asia #BoxOffice #Global #News #ChoiMinsik #HanSohee #TheIntern #TheOdyssey https://variety.com/2026/film/box-office/korea-box-office-the-intern-odyssey-1236870836/,0,https://mastodon.social/@variety_feed/117307225121129008,post,#TheOdyssey
2026-09-21T04:48:30Z,Mastodon,comingsoon.net@web.brid.gy,The Odyssey Takes Down Yet Another Disney King With New Milestone https://fed.brid.gy/r/https://www.comingsoon.net/movies/news/2194133-the-odyssey-box-office-beats-disney-inside-out-2,1,https://fed.brid.gy/r/https://www.comingsoon.net/movies/news/2194133-the-odyssey-box-office-beats-disney-inside-out-2,post,#TheOdyssey
2026-09-21T02:40:36Z,Mastodon,variety_feed,China Box Office: ‘Once Upon a Time in the Middle East’ Secures Sixth Weekend at No. 1 in Sluggish Frame #Variety #Asia #BoxOffice #Global #News #AllWishesComeTrue #OnceUponaTimeintheMiddleEast #SpiderManBrandNewDay #TheOdyssey https://variety.com/2026/film/box-office/china-box-office-once-upon-a-time-in-the-middle-east-all-wishes-come-true-1236870720/,0,https://mastodon.social/@variety_feed/117306716109988951,post,#TheOdyssey
2026-09-21T01:10:05Z,Mastodon,variety_feed,Charlize Theron on ‘The Odyssey’ Becoming Universal’s Highest-Grossing Movie and Raising Millions to Fight Femicide in Africa With CTAOP #Variety #Events #News #CharlizeTheron #CharlizeTheronAfricaOutreachProgram #TheOdyssey https://variety.com/2026/scene/news/charlize-theron-the-odyssey-box-office-fast-forever-ctaop-block-party-1236870422/,0,https://mastodon.social/@variety_feed/117306360198110394,post,#TheOdyssey
2026-09-20T17:25:12Z,Mastodon,hollywoodreporter,Charlize Theron Says ‘The Odyssey’ Just Gave Hollywood a Much-Needed Reminder #MovieNews #Movies #CharlizeTheron #ChristopherNolan #Events #TheOdyssey https://www.hollywoodreporter.com/movies/movie-news/charlize-theron-the-odyssey-hollywood-reminder-1236706439/,0,https://mastodon.social/@hollywoodreporter/117304532151275489,post,#TheOdyssey
2026-09-20T10:13:33Z,Mastodon,protagokrates@scholar.social,Wilson's translation of #TheOdyssey is literally the first one that is at the same time easy to read and yet conveys the alieness of ancient Greek culture. For me that is a sweet spot I miss in so many other translations of ancient texts and something I really want to teach my students when they bring Latin stories into their first language. Maybe I should read her #CrossingTheWineDarkSea next. Also: her translation of #TheIliad is now on my list.,1,https://scholar.social/@protagokrates/117302834827026607,post,#TheOdyssey
2026-09-19T17:36:52Z,Mastodon,VoronoV@boitam.eu,"Bonsoir, Il est urgent que vous écoutiez l'album The Odyssey du groupe de metal progressif Symphony X. C'est pas moi qui décide : c'est statutaire, impératif et irréfragable ! #TheOdyssey #SymphonyX #MetalProg #Musique #Music",1,https://boitam.eu/@VoronoV/117298915733965210,post,#TheOdyssey
2026-09-19T13:25:03Z,Mastodon,researchbuzz_firehose@rbfirehose.com,"Futurism: The Winner of Elon Musk’s AI “Odyssey” Contest Will Make You Laugh Out Loud. “The problems run deep. The Cyclops Polyphemus is depicted with three eyes, which feels disqualifying. And just a few cuts later, the famously monocular giant is at least four times as large as he was before. The other creatures and gods look like something out of a mobile game; Poseidon emerges from […] https://rbfirehose.com/2026/09/19/futurism-the-winner-of-elon-musks-ai-odyssey-contest-will-make-you-laugh-out-loud/",1,https://rbfirehose.com/2026/09/19/futurism-the-winner-of-elon-musks-ai-odyssey-contest-will-make-you-laugh-out-loud/,post,#TheOdyssey
2026-09-18T22:35:25Z,Mastodon,variety_feed,"Oscar Predictions: Best Adapted Screenplay — Epics, Trilogies and a Wild Dinner Party Could Define the Race #Variety #Awards #Columns #News #Labolanegra #Oscars #TheInvite #TheOdyssey https://variety.com/feature/2027-oscars-best-adapted-screenplay-predictions-1236834275/",0,https://mastodon.social/@variety_feed/117294427371455016,post,#TheOdyssey
2026-09-18T12:40:04Z,Mastodon,Tim_Eagon@dice.camp,@PrismaticWasteland with some TTRPG thoughts after watching The Odyssey. https://www.prismaticwasteland.com/blog/what-the-odyssey-2026-can-teach-us-about-running-ttrpgs #TTRPG #DND #OSR #NSR #Mythology #Religion #TheOdyssey #Film,3,https://dice.camp/@Tim_Eagon/117292086358579036,post,#TheOdyssey
2026-09-17T17:05:35Z,Mastodon,deadline,‘Miami Vice ’85’: John Leguizamo To Play Villain In Universal Pic Starring Michael B. Jordan And Austin Butler #Casting #JohnLeguizamo #MiamiVice85 #TheOdyssey https://deadline.com/2026/09/miami-vice-85-john-leguizamo-michael-b-jordan-austin-butler-1237106102/,0,https://mastodon.social/@deadline/117287468085251294,post,#TheOdyssey
2026-09-17T17:00:24Z,Mastodon,hollywoodreporter,‘Miami Vice ’85’: John Leguizamo to Play the Bad Guy in Joseph Kosinski’s Crime Thriller (Exclusive) #MovieNews #Movies #JohnLeguizamo #MiamiVice #TheOdyssey https://www.hollywoodreporter.com/movies/movie-news/john-leguizamo-miami-vice-85-villain-1236704582/,0,https://mastodon.social/@hollywoodreporter/117287447752611325,post,#TheOdyssey
2026-09-17T10:51:27Z,Mastodon,henrique@iamarino.com,"The Tempest and the Blank Canvas A month of losses at home and a change of course at work, with a hard deadline in between. Notes on what was within my control and how I crossed it, even if the storm doesn’t look any smaller from this side. https://iamarino.com/the-tempest-and-the-blank-canvas/",1,https://iamarino.com/the-tempest-and-the-blank-canvas/,post,#TheOdyssey
2026-09-16T19:26:37Z,Mastodon,mcepl@en.osm.town,"Was in cinema to see #TheOdyssey and I liked it. Nice film, actors were playing like to save their lives, good camera, but one question remain: why in the world this was shot as IMax, when it was more or less rather chamber-sized film?",0,https://en.osm.town/@mcepl/117282360332561642,post,#TheOdyssey
2026-09-16T04:55:43Z,Mastodon,indiegenius,Movie TV Tech Geeks #MovieFeatures #300 #TheOdyssey #ZackSnyder ‘The Odyssey' Officially Meets 'John Wick' In This Streaming Action Thriller http://dlvr.it/TVVbyp,0,https://mastodon.social/@indiegenius/117278935859135600,post,#TheOdyssey
2026-09-15T19:56:02Z,Mastodon,BobDevney@wandering.shop,"Reading Emily Wilson's fresh translation of ""The Odyssey"": wild surprises on every page. Odysseus spends at least the whole first half crying. The best adjective a guy can get is ""tall."" Everybody's moisturizing with olive oil. And this from King Alcinous of Phaeacia (an island regarded as one of literature's first descriptions of a utopia): ""We love the feast, the lyre, dancing and varied clothes, hot baths and bed."" Same, godlike Alcinous. Same. #TheOdyssey #Translation #Books #Reading",2,https://wandering.shop/@BobDevney/117276813736881699,post,#TheOdyssey
2026-09-15T17:20:10Z,Mastodon,variety_feed,"‘The Odyssey’ Artisans Ellen Mirojnick, Ruth De Jong and Jennifer Lame to Receive Variety’s Creative Collaborators Award at Middleburg Film Festival #Variety #News #TheOdyssey https://variety.com/2026/artisans/news/the-odyssey-artisans-varietys-creative-collaborators-award-1236859261/",0,https://mastodon.social/@variety_feed/117276200837384824,post,#TheOdyssey
2026-09-15T17:12:13Z,Mastodon,Literarion@fandom.ink,"New podfic chapter: The Odyssey, Chapter 24: Book 24: Zeus and Athena End the Fighting Written by Homer. Chapter note: The story is complete! There's a bit of bonus content still coming over the next few weeks! 45 min | Mature https://archiveofourown.org/works/57114529/chapters/243631281 #TheOdyssey #podfic #Homer #Odyssey",0,https://fandom.ink/@Literarion/117276169568071731,post,#TheOdyssey
2026-09-15T06:45:03Z,Mastodon,variety_feed,"‘Practical Magic 2’ Casts a Spell Over U.K., Ireland Box Office as Oasis Doc Rocks No. 2 #Variety #BoxOffice #Global #News #OasisDon039tLookBackinAnger #PracticalMagic2 #Pressure #TheOdyssey https://variety.com/2026/film/box-office/practical-magic-2-uk-ireland-box-office-1236862589/",0,https://mastodon.social/@variety_feed/117273703459857260,post,#TheOdyssey
2026-09-15T05:55:36Z,Mastodon,FilmBook,"Box Office – September 11-13, 2026: PRACTICAL MAGIC 2, SPIDER-MAN: BRAND NEW DAY, THE ODYSSEY, & More Link: https://film-book.com/box-office-september-11-13-2026-practical-magic-2-spider-man-brand-new-day-the-odyssey-more/?fsp_sid=253348 #BoxOffice #Buddy #ByAnyMeans #Coyotevs.Acme #Hope #InsidiousOutoftheFurther #MovieNews #PracticalMagic2 #Runner #SpiderManBrandNewDay #TheOdyssey #TheUprising",0,https://mastodon.social/@FilmBook/117273509000557348,post,#TheOdyssey
2026-09-15T03:05:13Z,Mastodon,FakePlasticTrees@fedibird.com,『オデュッセイア』を観た。 ホメロスの叙事詩なんてまったく読んだことなく、藤村シシンさんがアトロクで解説していた「ゼウスの掟」だけを頭に入れて観に行った。そういう素人にも分かりやすくエンターテイメント作品として面白かった（きっと原作をだいぶ省略したのだろうとは思うけれど）。 これといって特徴ないからこそ重宝されるのかもしれない、マット・デイモン。ディカプリオ同様、ほんとうにいい感じにオジサンになった…。盲目のエウマイオス、ジョン・レグイザモだったとは。ティボルトの印象が強すぎて衝撃。ロバート・パティンソン、意地悪そうな顔つきで怖い。あんなのに結婚を迫られてるアン・ハサウェイが気の毒。 ゼウスの掟を知っておいてよかった、と書いたが、つまりストーリー全体を通してオデュッセウスがトロイア戦争で「ゼウスの掟」を破ってしまったことの罪悪感にさいなまれ続けていた、ということか？アテナのブローチを終始握りしめる自分が、アテナの神殿で殺戮を指揮してアテナ像（と巫女）の首を刎ねるという倒錯。 知識があれば、セイレーンのところとか、渦潮（？）と海峡に出てきた巨大な手とかについてももっと楽しく観ることができたと思う。 #映画 #theodyssey #オデュッセイア,1,https://fedibird.com/@FakePlasticTrees/117272839030724529,post,#TheOdyssey
2026-09-15T00:58:51Z,Mastodon,StefanHabel,An #Odyssey of Formats… #TheOdyssey #Letterboxd #movies,0,https://mastodon.social/@StefanHabel/117272342146351112,post,#TheOdyssey
2026-09-14T13:28:17Z,Mastodon,yoginho@spore.social,"This weekend, I went to see #TheOdyssey. My expectations were suitably low, but the film is (by the standards of Hollywood's craft) well done. A truly big picture, while (inevitabily) a few things go terribly wrong. What happened to the enchantresses, for example? Prudish America cannot have adultery on a big screen anymore? WTF. The Siren scene was also badly done: Odysseus skipped the excitement and went straight to the agony. Makes NO sense. Annoying. Such things.",2,https://spore.social/@yoginho/117269626692176839,post,#TheOdyssey
2026-09-14T12:53:17Z,Mastodon,movizark@mastodon.world,"'Practical Magic 2' Takes Top Spot From 'Spider-Man' With Low $30 Million Debut As All New Releases Flop at the BO!! #PracticalMagic2, #SpiderManBrandNewDay, #TheUprising, #Runner, #TheOdyssey, #CoyoteVsAcme, #Hope, #TheFix, #Oasis, #DontLookBackInAnger, #boxoffice",2,https://mastodon.world/@movizark/117269489101776466,post,#TheOdyssey
2026-09-14T11:59:07Z,Mastodon,alternet@www.urbanmind.net,"A 2026 summer blockbuster exposes the high-stakes fallout of Trump’s foreign policy.#christopher-nolan #the-odyssey #thom-hartmann Trump broke a 3,000 year-old law — and triggered a global crisis",0,https://www.urbanmind.net/display/f7dd981d-b8d4e760-f3e482955e1d9bf8,post,#TheOdyssey
2026-09-14T11:59:07Z,Mastodon,alternet@www.urbanmind.net,"A 2026 summer blockbuster exposes the high-stakes fallout of Trump’s foreign policy.#christopher-nolan #the-odyssey #thom-hartmann Trump broke a 3,000 year-old law — and triggered a global crisis",0,https://www.urbanmind.net/display/f7dd981d-1955ebb0-3ab1dcb376262254,post,#TheOdyssey
2026-09-14T10:12:09Z,Mastodon,phistorians@kolektiva.social,"Our interview with GreekMythComix about “You Are Odysseus” is out now wherever you enjoy excellent podcasts. We get into all the nitty-gritty Homeric topics, including the role of aidos and kudos when thinking about kleos (glory). #AncientGreece #Podcast #Odysseus #TheOdyssey https://partialhistorians.com/2026/09/10/special-episode-you-are-odysseus-with-laura-jenkinson-brown/",10,https://kolektiva.social/@phistorians/117268855514002399,post,#TheOdyssey
2026-09-14T09:37:14Z,Mastodon,nekotsukistudio.bsky.social@bsky.brid.gy,"Imaginez que pratiquement aucun des derniers films du MCU n'a fait ce score... Sur le Monde. 😅 (Doctor Strange 2 est à 955M) Après, n'oublions pas #TheOdyssey et ses 7+ millions de $ pour ce Weekend, qui n'est donc toujours pas en reste point de vue score (ça et ses 600+ millions aux USA). 😛",1,https://fed.brid.gy/r/https://bsky.app/profile/did:plc:skpzh4aoocs7t7dsyxissbqi/post/3mvhsqy7xls2a,post,#TheOdyssey
2026-09-14T06:40:05Z,Mastodon,variety_feed,Korea Box Office: ‘The Odyssey’ Secures Sixth Weekend Crown as ‘Obsession’ Ascends #Variety #Asia #BoxOffice #Global #News #Obsession #SpiderManBrandNewDay #TheOdyssey https://variety.com/2026/film/box-office/korea-box-office-the-odyssey-obsession-1236860949/,1,https://mastodon.social/@variety_feed/117268021601028788,post,#TheOdyssey
2026-09-14T06:25:04Z,Mastodon,variety_feed,China Box Office: ‘Once Upon a Time in the Middle East’ Stays on Top as ‘The Odyssey’ Crosses $100 Million #Variety #Asia #BoxOffice #Global #News #AllWishesComeTrue #OnceUponaTimeintheMiddleEast #TheOdyssey #TonyLeungKafai https://variety.com/2026/film/box-office/china-box-office-once-upon-a-time-in-the-middle-east-the-odyssey-100-million-1236860945/,0,https://mastodon.social/@variety_feed/117267962544199490,post,#TheOdyssey
2026-09-14T04:45:53Z,Mastodon,phantastiknews,"YouTube tipp ▶️ #BoxOffice - #SpiderManBrandNewDay vs #StarWars, #TheOdyssey vs #JurassicWorld https://youtu.be/pdg0kSGPlQM?is=iYe5LZNBl-93FOjF",1,https://mastodon.social/@phantastiknews/117267572541346180,post,#TheOdyssey
2026-09-13T19:14:19Z,Mastodon,BobDevney@wandering.shop,"Reading Emily's Wilson's shining-eyed translation of ""The Odyssey"" (before I see the IMAX movie). She writes of ""intelligent Penelope."" I remember, as a kid, wandering in that private world of the new reader: a vast cloud of unfamiliar words & ideas, with shafts of light illuminating more & more things I came to understand. A character in some book or comic was named Penelope. Reader, for several years I pronounced it in my head as ""PENNY-lope."" #Childhood #Reading #TheOdyssey #Oops",6,https://wandering.shop/@BobDevney/117265325094464651,post,#TheOdyssey
2026-09-13T14:30:14Z,Mastodon,watchrofficial,Nolan’s epic take on Homer’s classic is a visual masterpiece. Track it on Watchr → https://app.watchr.me/show?id=1368337 #TheOdyssey #EpicAdventure,0,https://mastodon.social/@watchrofficial/117264208010259312,post,#TheOdyssey
2026-09-13T14:25:48Z,Mastodon,FilmBook,THE ODYSSEY (2026): Christopher Nolan's Film Becomes the Biggest Universal Picture at the Worldwide Box-Office Link: https://film-book.com/the-odyssey-2026-christopher-nolans-film-becomes-the-biggest-universal-picture-at-the-worldwide-box-office/?fsp_sid=252584 #BoxOffice #ChristopherNolan #MovieNews #TheOdyssey #UniversalPictures #WarnerBros.,1,https://mastodon.social/@FilmBook/117264190576568839,post,#TheOdyssey
2026-09-13T05:34:56Z,Mastodon,phantastiknews,"YouTube Tipp ▶️ #RobertPattinson on switching between #Batman, #Dune, #TheOdyssey & #Primetime https://youtu.be/GoIfapEhGNI?is=HTl2xfLiYNKSkzfY",0,https://mastodon.social/@phantastiknews/117262103091519388,post,#TheOdyssey
2026-09-13T04:40:46Z,Mastodon,indiegenius,Movie TV Tech Geeks #MovieFeatures #Troy #TheOdyssey #BradPitt Brad Pitt’s Ancient Greek Epic Is the Perfect ‘Odyssey’ Replacement http://dlvr.it/TVSCrc,0,https://mastodon.social/@indiegenius/117261890098795807,post,#TheOdyssey
2026-09-12T16:30:21Z,Mastodon,hollywoodreporter,‘Practical Magic 2’ Leads Box Office as ‘Spider-Man’ Eyes All-Time Domestic Record #MovieNews #Movies #AlanRitchson #AndrewGarfield #Boxoffice #CoyoteVsAcme #LiamNeeson #NicoleKidman #OwenWilson #Paulgreengrass #PracticalMagic2 #Runner #SandraBullock #SpiderManBrandNewDay #TheFix #TheOdyssey #TheUprising #TomHolland https://www.hollywoodreporter.com/movies/movie-news/practical-magic-2-box-office-spider-man-domestic-record-1236698853/,0,https://mastodon.social/@hollywoodreporter/117259018013155174,post,#TheOdyssey
2026-09-12T16:05:33Z,Mastodon,hollywoodreporter,‘The Odyssey’ Conquers ‘Jurassic World’ to Become Universal’s Highest-Grossing Film Ever #MovieNews #Movies #AnneHathaway #Boxoffice #CharlizeTheron #ChristopherNolan #DonnaLangley #JurassicWorld #LupitaNyongo #MattDamon #RobertPattinson #TheOdyssey #TomHolland #UniversalPictures #Zendaya https://www.hollywoodreporter.com/movies/movie-news/the-odyssey-universal-highest-grossing-box-office-jurassic-1236698827/,0,https://mastodon.social/@hollywoodreporter/117258920477522129,post,#TheOdyssey
2026-09-12T16:05:24Z,Mastodon,deadline,‘The Odyssey’ Slays ‘Jurassic World’ To Become Universal’s Highest Grossing Movie Ever At Global Box Office With $1.68B #News #TheOdyssey #Universal https://deadline.com/2026/09/box-office-the-odyssey-record-universal-1237100001/,0,https://mastodon.social/@deadline/117258919909134690,post,#TheOdyssey
2026-09-12T16:05:17Z,Mastodon,variety_feed,‘The Odyssey’ Becomes Universal’s Highest-Grossing Film of All Time #Variety #News #DonnaLangley #TheOdyssey #UniversalPictures https://variety.com/2026/film/news/the-odyssey-universal-highest-grossing-film-of-all-time-1236859551/,2,https://mastodon.social/@variety_feed/117258919427132038,post,#TheOdyssey
2026-09-12T15:45:04Z,Mastodon,variety_feed,Box Office: ‘Practical Magic 2’ Conjures Up $13 Million on Friday as ‘Spider-Man: Brand New Day’ Nears All-Time Domestic Box Office Record #Variety #BoxOffice #News #PracticalMagic2 #SpiderManBrandNewDay #TheOdyssey https://variety.com/2026/film/box-office/box-office-practical-magic-2-spider-man-brand-new-day-1236856659/,0,https://mastodon.social/@variety_feed/117258839968897850,post,#TheOdyssey
2026-09-11T17:59:50Z,Mastodon,Literarion@fandom.ink,"New podfic chapter: The Odyssey, Book 23: Odysseus and Penelope Written by Homer. 28 min | Mature https://archiveofourown.org/works/57114529/chapters/243631226 #TheOdyssey #podfic #Homer #Odyssey",0,https://fandom.ink/@Literarion/117253707587213912,post,#TheOdyssey
2026-09-11T17:25:04Z,Mastodon,variety_feed,"Robert Pattinson Is Having His Best Year Ever With ‘Primetime,’ ‘The Drama,’ ‘The Odyssey’ and ‘Dune 3.’ Will the Oscars Recognize Him? #Variety #Awards #Columns #News #Oscars #Primetime #RobertPattinson #TheOdyssey https://variety.com/2026/film/awards/robert-pattinson-oscars-primetime-dune-odyssey-1236858818/",0,https://mastodon.social/@variety_feed/117253570818613010,post,#TheOdyssey
2026-09-11T08:22:56Z,Mastodon,justpastemovies,‘The Odyssey’ Slays ‘Deadpool & Wolverine’ To Become Highest Grossing R-Rated Movie Ever At Global Box Office https://justpaste.in/movies/the-odyssey-box-office-record-r-rated/ #DeadpoolampWolverine #TheOdyssey #News #movie #odyssey,0,https://mastodon.social/@justpastemovies/117251439090744555,post,#TheOdyssey
2026-09-11T06:58:43Z,Mastodon,galaxyaddicted.it@web.brid.gy,The Odyssey supera Deadpool & Wolverine: nuovo record assoluto per un film R-rated https://fed.brid.gy/r/https://www.galaxyaddicted.it/2026/09/the-odyssey-record-deadpool-wolverine-r-rated/,0,https://fed.brid.gy/r/https://www.galaxyaddicted.it/2026/09/the-odyssey-record-deadpool-wolverine-r-rated/,post,#TheOdyssey
2026-09-10T18:34:55Z,Mastodon,TheMovieBlog@c.im,"The Odyssey Dominates Korea Box Office as Admissions Top 10 Million The South Korean box office continues to be dominated by a single force as The Odyssey maintains its commanding lead. During the weekend of September 4 through 6, the Christopher Nolan-directed tentpole secured its fifth consecutive weekend victory.... #ChristopherNolan #KimMijo #LeeJiwon #SpiderManBrandNewDay #TheOdyssey https://www.themovieblog.com/2026/09/the-odyssey-dominates-korea-box-office-as-admissions-top-10-million/",1,https://c.im/@TheMovieBlog/117248183197814601,post,#TheOdyssey
2026-09-10T15:29:58Z,Mastodon,theguardian_us_culture@halo.nu,The Odyssey and Spider-Man propel record-breaking summer box office worldwide https://www.theguardian.com/film/2026/sep/10/the-odyssey-and-spider-man-make-for-record-breaking-summer-box-office-worldwide #FilmIndustry #TheOdyssey #SpidermanBrandNewDay #Business #Film #Culture,1,https://halo.nu/@theguardian_us_culture/117247455924431278,post,#TheOdyssey
2026-09-10T14:10:05Z,Mastodon,guardianfeeds@rssfeed.media,"The Odyssey and Spider-Man propel record-breaking summer box office worldwide By Catherine Shoard The biggest May to September of all time was recorded in US cinemas, with the UK enjoying a 56% rise in audiences, outstripped by an 88% lift in the Middle East and Africa https://www.theguardian.com/film/2026/sep/10/the-odyssey-and-spider-man-make-for-record-breaking-summer-box-office-worldwide #Filmindustry #TheOdyssey #SpiderManBrandNewDay #Business #Film #Culture #TheGuardian #CatherineShoard",0,https://rssfeed.media/@guardianfeeds/117247141866792730,post,#TheOdyssey
2026-09-10T10:50:04Z,Mastodon,deadline,Blockbuster Summer Pushed UK Cinema Admissions To Pre-Pandemic High In August #News #TheOdyssey #UKCinemas https://deadline.com/2026/09/k-cinema-admissions-pre-pandemic-high-august-17-million-1237073236/,0,https://mastodon.social/@deadline/117246355324475764,post,#TheOdyssey
2026-09-10T08:39:08Z,Mastodon,darrenmooney.bsky.social@bsky.brid.gy,#NowWatching #TheOdyssey At BFI IMAX 70mm.,0,https://fed.brid.gy/r/https://bsky.app/profile/did:plc:yekvl6k6dm35bmp2ygpolt7k/post/3mv5nng2ww22b,post,#TheOdyssey
2026-09-10T01:33:56Z,Mastodon,justpastemovies,‘The Odyssey’ Beats ‘Deadpool & Wolverine’ as Biggest R-Rated Movie of All Time With $1.35 Billion https://justpaste.in/movies/the-odyssey-biggest-r-rated-movie-all-time-deadpool-wolverine/ #ChristopherNolan #TheOdyssey #BoxOffice #odyssey #movie,0,https://mastodon.social/@justpastemovies/117244168518579578,post,#TheOdyssey
2026-09-09T22:25:08Z,Mastodon,deadline,Imax Tops $600M In Q3 Box Office So Far On ‘The Odyssey’; CEO Shrugs Off Industry M&A – “Our Primary Relationships Are With Filmmakers” #News #IMAX #TheOdyssey https://deadline.com/2026/09/imax-q3-box-office-booming-the-odyssey-1237072841/,0,https://mastodon.social/@deadline/117243426134276200,post,#TheOdyssey
2026-09-09T19:42:27Z,Mastodon,ben@social.ben.ie,...and we're back https://blog.ben.ie/posts/and-were-back/ Touchdown to normality. #Gym #GodOfWar #Cyberpunk2077 #Wordle #Baking #3DPrinting #TheOdyssey #Kali #Cinema #OilPrices #EnergyPrices #Geopolitics,1,https://social.ben.ie/@ben/statuses/01M23V2VX8TAPC45YBYKQ4E5HQ,post,#TheOdyssey
2026-09-09T18:34:41Z,Mastodon,TheMovieBlog@c.im,"The Odyssey Dominates Korea Box Office as Admissions Top 10 Million The South Korean box office continues to be dominated by a single force as The Odyssey maintains its commanding lead. During the weekend of September 4 through 6, the Christopher Nolan-directed tentpole secured its fifth consecutive weekend victory.... #ChristopherNolan #KimMijo #LeeJiwon #SpiderManBrandNewDay #TheOdyssey https://www.themovieblog.com/2026/09/the-odyssey-dominates-korea-box-office-as-admissions-top-10-million/",1,https://c.im/@TheMovieBlog/117242519949005635,post,#TheOdyssey
2026-09-09T18:02:04Z,Mastodon,bitbraindev@mastodon.gamedev.place,PEAK character design. #TheOdyssey,0,https://mastodon.gamedev.place/@bitbraindev/117242391754838302,post,#TheOdyssey
2026-09-09T07:10:06Z,Mastodon,variety_feed,"‘Spider-Man: Brand New Day,’ ‘The Odyssey’ Continue U.K., Ireland Box Office Battle #Variety #BoxOffice #Global #News #Insidiousoutofthefurther #SpiderManBrandNewDay #TheEndofOakStreet #TheOdyssey https://variety.com/2026/film/box-office/spider-man-brand-new-day-the-odyssey-death-of-robin-hood-uk-ireland-box-office-1236855466/",0,https://mastodon.social/@variety_feed/117239828082800153,post,#TheOdyssey
2026-09-08T21:00:16Z,Mastodon,hollywoodreporter,"All 65 Movies That Topped $1B at the Global Box Office, Ranked #MovieFeatures #Movies #Boxoffice #ChristopherNolan #SpiderManBrandNewDay #TheOdyssey #TomCruise https://www.hollywoodreporter.com/lists/highest-grossing-movies-all-time-worldwide-box-office/",0,https://mastodon.social/@hollywoodreporter/117237430115633704,post,#TheOdyssey
2026-09-08T19:35:03Z,Mastodon,justpastemovies,Christopher Nolan’s The Odyssey Poised to Dethrone Deadpool & Wolverine https://justpaste.in/movies/christopher-nolans-the-odyssey-poised-to-dethrone-deadpool-and-wolverine/ #ChristopherNolan #DeadpoolandWolverine #Marvel #TheOdyssey #UniversalPictures,0,https://mastodon.social/@justpastemovies/117237095021972765,post,#TheOdyssey
2026-09-08T18:41:23Z,Mastodon,Literarion@fandom.ink,"New podfic chapter: The Odyssey, Book 22: The Killing of the Suitors Written by Homer. 41 min | Mature https://archiveofourown.org/works/57114529/chapters/243631156 #TheOdyssey #podfic #Homer #Odyssey",0,https://fandom.ink/@Literarion/117236883988154447,post,#TheOdyssey
2026-09-08T18:34:45Z,Mastodon,TheMovieBlog@c.im,"The Odyssey Dominates Korea Box Office as Admissions Top 10 Million The South Korean box office continues to be dominated by a single force as The Odyssey maintains its commanding lead. During the weekend of September 4 through 6, the Christopher Nolan-directed tentpole secured its fifth consecutive weekend victory.... #ChristopherNolan #KimMijo #LeeJiwon #SpiderManBrandNewDay #TheOdyssey https://www.themovieblog.com/2026/09/the-odyssey-dominates-korea-box-office-as-admissions-top-10-million/",1,https://c.im/@TheMovieBlog/117236857953597217,post,#TheOdyssey
2026-09-08T17:12:56Z,Mastodon,movizark@mastodon.world,"Summer U.S. Box Office Hits All-Time $4.76B Record!! #TheOdyssey, #SpiderManBrandNewDay, #Backrooms, #Obsession, #Michael, #TheDevilWearsPrada2, #StarWarsMandalorianAndGrogu, #ToyStory5, #Supergirl, #Moana, #TheEndOfOakStreet, #MinionsAndMonsters, #TheRivalsOfAmziahKing, #ByAnyMeans, #TheInvite, #AvengersDoomsday, #DunePartThree",1,https://mastodon.world/@movizark/117236536206896087,post,#TheOdyssey
2026-09-08T13:45:02Z,Mastodon,justpastemovies,‘Lanterns’ EP Damon Lindelof Weighs In on 2026’s Adaptation Wars: “Shouldn’t We Be Beyond This by Now?” https://justpaste.in/movies/lanterns-damon-lindelof-adaptations/ #DamonLindelof #Lanterns #ResidentEvil #TheOdyssey #TomKing,0,https://mastodon.social/@justpastemovies/117235718747555140,post,#TheOdyssey
2026-09-08T11:30:02Z,Mastodon,Seth_Petsching@pixelfed.social,We meant to see The Odyssey a couple of weeks ago when it released in China but the theaters were packed. They finally weren’t so full this past weekend so we could go see it • #movie #movies #cinema #theater #movietheater #odyssey #film #thisiscinema #theodyssey,2,https://pixelfed.social/p/Seth_Petsching/1002900877610798390,post,#TheOdyssey
2026-09-08T09:42:32Z,Mastodon,sfcd.eu@bsky.brid.gy,"Seit Spider-Man: Brand New Day Ende Juli in die Kinos gekommen ist, hat der Film das Box Office praktisch nach Belieben dominiert. #sfcd #spiderman #kino #cinema #TheOdyssey #boxoffice Das Box Office im September: S...",0,https://fed.brid.gy/r/https://bsky.app/profile/did:plc:dqqbe6zw6gam2dsmb43zep5f/post/3muyqawp56c2q,post,#TheOdyssey
2026-09-08T05:05:03Z,Mastodon,variety_feed,Korea Box Office: ‘The Odyssey’ Overwhelms ‘Spider-Man: Brand New Day’ as Admissions Top 10 Million #Variety #Asia #BoxOffice #Global #News #Obsession #SpiderManBrandNewDay #TheIntern #TheOdyssey https://variety.com/2026/film/box-office/korea-box-office-the-odyssey-spider-man-brand-new-day-the-intern-1236854398/,0,https://mastodon.social/@variety_feed/117233674049119592,post,#TheOdyssey
2026-09-08T04:40:07Z,Mastodon,variety_feed,China Box Office: ‘Once Upon a Time in the Middle East’ Crosses $300 Million #Variety #Asia #BoxOffice #Global #News #Fall2Deadpoint #OnceUponaTimeintheMiddleEast #TheOdyssey https://variety.com/2026/film/box-office/china-box-office-once-upon-a-time-in-the-middle-east-300-million-1236854390/,0,https://mastodon.social/@variety_feed/117233576037723294,post,#TheOdyssey
2026-09-07T22:13:49Z,Mastodon,indiegenius,"Movie TV Tech Geeks #MovieNews #TheOdyssey #BoxOffice 114 Years Later, ‘The Odyssey’ Is Officially Making Hollywood History http://dlvr.it/TVMvnk",0,https://mastodon.social/@indiegenius/117232057010087777,post,#TheOdyssey
2026-09-07T18:15:06Z,Mastodon,variety_feed,Summer Box Office Breaks All-Time Record With $4.67 Billion #Variety #BoxOffice #SpiderManBrandNewDay #TheOdyssey https://variety.com/2026/film/box-office/summer-box-office-breaks-all-time-record-1236854175/,2,https://mastodon.social/@variety_feed/117231118382492357,post,#TheOdyssey
2026-09-07T17:31:43Z,Mastodon,donporque,¿Por qué Christopher Nolan vuelve a arrasar en taquilla con La Odisea? #ChristopherNolan #LaOdisea #TheOdyssey #Cine #Taquilla #IMAX #MattDamon #Hollywood #Estrenos #Cine2026 #felizlunes #7deseptiembre https://donporque.com/christopher-nolan-record-de-taquilla-con-la-odisea/,0,https://mastodon.social/@donporque/117230947792622463,post,#TheOdyssey
2026-09-07T15:06:43Z,Mastodon,movizark@mastodon.world,"'Spider-Man: Brand New Day' Stays No. 1 in Sixth Weekend, While New Releases Flop at the BO!! #SpiderManBrandNewDay, #Fall2, #Onslaught, #ByAnyMeans, #TheOdyssey, #CoyoteVsAcme, #Buddy, #boxoffice",1,https://mastodon.world/@movizark/117230377566787057,post,#TheOdyssey
2026-09-07T10:10:48Z,Mastodon,spectatorul,"Boom! 💥 Pentru prima dată într-un weekend, „The Odyssey” a bătut „Spider-Man” la box office-ul global! 🎬 Filmul lui Christopher Nolan rezistă eroic. Află cum a reușit performanța din noul nostru articol! 👇 #BoxOffice #TheOdyssey https://spectatorul.com/2026/09/07/rasturnare-de-situatie-the-odyssey-depaseste-spider-man-la-incasarile-globale-de-weekend/?utm_source=mastodon&utm_medium=jetpack_social",0,https://mastodon.social/@spectatorul/117229213997091693,post,#TheOdyssey
2026-09-07T08:54:26Z,Mastodon,nekotsukistudio.bsky.social@bsky.brid.gy,"#SpiderManBrandNewDay : 2.4 milliards de $. #TheOdyssey : 1.6 milliards de $. #CoyoteVsACME : 57 millions de $, mais quand même 3ème du classement, malgré le fait qu'il a été très mal distribué (il n'est même pas passé en France. 😢). 33 pays seulement, mais c'est beaucoup pour Ketchup Entertainment. RE: https://bsky.app/profile/did:plc:gecergrexhnl5pwn4itwss3y/post/3muuyxytcr22i",2,https://fed.brid.gy/r/https://bsky.app/profile/did:plc:skpzh4aoocs7t7dsyxissbqi/post/3muw53z3xps2o,post,#TheOdyssey
2026-09-07T08:21:34Z,Mastodon,nekotsukistudio.bsky.social@bsky.brid.gy,"#SpiderManBrandNewDay à 900+ millions de $ rien que sur les USA, éclipserait presque les quasi 600 millions de $ de #TheOdyssey. 😅 A noter quand même que #CoyoteVsAcme reste dans le Top 3, ce qui en fait un succès, quoi qu'on en dise ! 😛 RE: https://bsky.app/profile/did:plc:gecergrexhnl5pwn4itwss3y/post/3muuz2evn722m",1,https://fed.brid.gy/r/https://bsky.app/profile/did:plc:skpzh4aoocs7t7dsyxissbqi/post/3muw3b7pbw22y,post,#TheOdyssey
2026-09-07T03:26:32Z,Mastodon,comingsoon.net@web.brid.gy,The Odyssey Set To Take Down Disney & Universal’s Box Office Kings https://fed.brid.gy/r/https://www.comingsoon.net/movies/news/2186868-the-odyssey-box-office-beat-lion-king-disney-universal,1,https://fed.brid.gy/r/https://www.comingsoon.net/movies/news/2186868-the-odyssey-box-office-beat-lion-king-disney-universal,post,#TheOdyssey
2026-09-06T21:58:07Z,Mastodon,abysim@whitelion.me,"And watched #TheOdyssey in IMAX 70mm as it intended to being watched. The quality of picture is impressive, and size is too, there of course were signs of wear after almost 2 months of screenings, but not much noticable scratches, usual thing for film projections and noticable only in more boring scenes. In most scenes additional height not convey any information, but it better immerse you inside the picture. Action scenes are overwhelming, when action is on all space of large screen, it quickly overwhelms mind and it shut downs till the end of the scene and not register what is happening. The scene with giants now was fully viewable. The last action scene is great too, add more details even if on smaller screen did notice that they are lacking. The scenes with transformation and cyclops slightly more immersive, but they are impressive on standard screens too. It was great experience but not sure that will repeat this for another movie, flying in another country to see it on 70mm proje",0,https://whitelion.me/display/8417e586-716a-9de1-ef2f-b7b293930480,post,#TheOdyssey
2026-09-06T17:35:03Z,Mastodon,justpastemovies,"Amid ‘Spider-Man’ and ‘The Odyssey’ Leaks, Hollywood’s Battle Against Piracy Enters a Whole New Era https://justpaste.in/movies/movie-piracy-spider-man-odyssy-leak-online/ #ChristopherNolan #Piracy #SpiderManBrandNewDay #TheOdyssey #Features",0,https://mastodon.social/@justpastemovies/117225298529344177,post,#TheOdyssey
2026-09-06T16:40:14Z,Mastodon,deadline,‘Odyssey’ Beats ‘Spider-Man: Brand New Day’ At Global Weekend Box Office As Web Slinger Remains No. 3 All-Time With $2.4B WW – Global Box Office #News #SpiderManBrandNewDay #TheOdyssey https://deadline.com/2026/09/box-office-global-odyssey-beats-spider-man-brand-new-day-1237069465/,0,https://mastodon.social/@deadline/117225082997851208,post,#TheOdyssey
2026-09-06T15:40:41Z,Mastodon,nationalebibliotheek@video.edu.nl,Odysseus | KB nationale bibliotheek https://video.edu.nl/w/6FjnPeGUUj2r7MxKLPegK8,1,https://video.edu.nl/w/6FjnPeGUUj2r7MxKLPegK8,post,#TheOdyssey
2026-09-06T13:49:36Z,Mastodon,dailytimes.com.pk@web.brid.gy,Robert Pattinson laughs as fan quotes The Odyssey https://fed.brid.gy/r/https://dailytimes.com.pk/1548987/robert-pattinson-laughs-as-fan-quotes-the-odyssey/,0,https://fed.brid.gy/r/https://dailytimes.com.pk/1548987/robert-pattinson-laughs-as-fan-quotes-the-odyssey/,post,#TheOdyssey
2026-09-05T23:56:22Z,Mastodon,radioclash@retro.pizza,"Just seen The Odyssey. It was quite good but really surprised they didn't include NoNo, Umi or Numinor. Maybe they are in Odyssey 2 (or 31?) :-P I can hear John's voice going 'that wasn't The Odyssey...' I really wish John was here to see it, he was a scholar of Ancient Greek and Roman writing he'd have the same ""WHAT?!"" funny reaction as the source translator's review in TLS. It wasn't The Odyssey it was some modern weird mashup of it. The themes about the horrors of war, and violating the gods, man vs gods, those are very much in Homer. But some of the reasoning, and downright weird narrative changes was off. Homer is very clear why they are doomed... #theodyssey #homer #christophernolan",2,https://retro.pizza/@radioclash/117221135625566413,post,#TheOdyssey
2026-09-05T23:50:03Z,Mastodon,guardianfeeds@rssfeed.media,"Robert Pattinson says he had ‘twice as much time’ after birth of first child By Philip Oltermann in Venice Actor says of busy 2026 in which he has had several big roles: ‘Once you start spinning plates, it gets quite addictive’ https://www.theguardian.com/film/2026/sep/05/robert-pattinson-venice-film-festival-primetime-odyssey-dune #Venicefilmfestival #RobertPattinson #TheOdyssey #TheDrama #Film #Festivals #Culture #TheGuardian #PhilipOltermanninVenice",0,https://rssfeed.media/@guardianfeeds/117221110799889035,post,#TheOdyssey
2026-09-05T21:00:13Z,Mastodon,codorco,"The Odyssey, de Christopher Nolan, ultrapassou US$ 1 bilhão (cerca de R$ 5,5 bilhões) nas bilheterias internacionais. Com US$ 1,59 bilhão (aproximadamente R$ 8,7 bilhões) arrecadados mundialmente, o filme se tornou o maior sucesso da carreira do diretor e o primeiro longa original a atingir esse marco desde Avatar, em 2009. As sessões em 70 mm IMAX foram prorrogadas até 30 de setembro. Me siga para mais conteúdos como este e conte nos comentários: você já assistiu ao filme?... #TheOdyssey",0,https://mastodon.social/@codorco/117220442978448416,post,#TheOdyssey
2026-09-05T20:42:05Z,Mastodon,justpastemovies,Regal Launches Rewards+ Loyalty Program Amid Company’s Record-Setting Summer (Exclusive): A Practical Look https://justpaste.in/movies/regal-launches-rewards-loyalty-program-amid-companys-record-setting-summer-exclusive-a-practical-look/ #RegalEntertainmentGroup #SpiderManBrandNewDay #TheOdyssey #Business #BusinessNews,0,https://mastodon.social/@justpastemovies/117220371716111881,post,#TheOdyssey
2026-09-05T15:30:13Z,Mastodon,hollywoodreporter,Robert Pattinson Says He Would’ve Been “Devastated” to Drop Any of His Big 2026 Films #MovieNews #Movies #Dune3 #Primetime #RobertPattinson #TheBatmanPartII #TheOdyssey #Venice2026 https://www.hollywoodreporter.com/movies/movie-news/robert-pattinson-movies-2026-primetime-odyssey-dune-drama-1236691678/,0,https://mastodon.social/@hollywoodreporter/117219145370436358,post,#TheOdyssey
2026-09-05T14:06:21Z,Mastodon,AP@sportsbots.xyz,"Robert Pattinson shares what it was like switching between ""Batman,"" ""Dune,"" ""The Odyssey"" and ""Primetime"" - which he is premiering in Venice. #RobertPattinson #VeniceFilmFestival #Batman #Dune #TheOdyssey",0,https://twitter.com/AP/status/2096238508637581695,post,#TheOdyssey
2026-09-05T00:37:23Z,Mastodon,BobDevney@wandering.shop,"Like everybody, I'm reading Emily Wilson's translation of ""The Odyssey."" Part of her intro turns on questions as old as time—& as new as ICE. Odysseus sorts people into ""lawless aggressors"" & ""people who welcome strangers…[T]he willingness to welcome strangers is enough to guarantee that a person or culture can be counted as law-abiding and 'civilized'…[T]he laws of hospitality are what stave off a world where men kill those who are different from themselves."" #TheOdyssey #Politics #AbolishICE",15,https://wandering.shop/@BobDevney/117215634598475301,post,#TheOdyssey
2026-09-04T22:11:13Z,Mastodon,comingsoon.net@web.brid.gy,The Odyssey’s Latest Box Office Feat Hasn’t Been Done by Any Movie in 17 Years https://fed.brid.gy/r/https://www.comingsoon.net/movies/news/2186759-the-odyssey-internation-box-office-record-1-billion-usd,1,https://fed.brid.gy/r/https://www.comingsoon.net/movies/news/2186759-the-odyssey-internation-box-office-record-1-billion-usd,post,#TheOdyssey
2026-09-04T19:05:20Z,Mastodon,deadline,"‘The Odyssey’ Sails Past Another Milestone, Crosses $1 Billion At International Box Office #News #ChristopherNolan #TheOdyssey #Universal https://deadline.com/2026/09/box-office-the-odyssey-billion-foreign-box-office-1237068287/",0,https://mastodon.social/@deadline/117214328975749117,post,#TheOdyssey
2026-09-04T17:16:24Z,Mastodon,Literarion@fandom.ink,"New podfic chapter: The Odyssey, Book 21: The Contest with Odysseus' Bow Written by Homer. 35 min | Mature https://archiveofourown.org/works/57114529/chapters/243631061 #TheOdyssey #podfic #Homer #Odyssey",0,https://fandom.ink/@Literarion/117213900620137672,post,#TheOdyssey
2026-09-04T11:25:04Z,Mastodon,variety_feed,‘Spider-Man’ and ‘The Odyssey’ Propel U.K. Box Office to Best August Since 2018 #Variety #Global #News #SpiderManBrandNewDay #TheOdyssey https://variety.com/2026/film/global/spider-man-odyssey-uk-box-office-best-august-since-2018-1236850423/,0,https://mastodon.social/@variety_feed/117212519081898672,post,#TheOdyssey
2026-09-04T10:35:30Z,Mastodon,indiegenius,Movie TV Tech Geeks #BooksandComics #TheOdyssey #ChristopherNolan 'The Odyssey's Harshest Critic Is Writing Her Own Version Again http://dlvr.it/TVKMfz,0,https://mastodon.social/@indiegenius/117212324197700793,post,#TheOdyssey
2026-09-03T21:56:16Z,Mastodon,EliteViralPrints,Where to buy the official The Odyssey Christopher Nolan Shirt? 🍿🎬 Get the authentic graphic tee celebrating Christopher Nolan's epic film! Printed on premium US cotton with fast domestic shipping. 🛒 Direct Link: https://viralstyle.com/us-shop/the-odyssey-christopher-nolan-t-shirt #TheOdyssey #ChristopherNolan #MovieMerch #GraphicTee,0,https://mastodon.social/@EliteViralPrints/117209338763541551,post,#TheOdyssey
2026-09-03T21:20:50Z,Mastodon,comingsoon.net@web.brid.gy,Matt Damon Has One Trait A-List Stars Like Leonardo DiCaprio Lack https://fed.brid.gy/r/https://www.comingsoon.net/movies/features/2186101-matt-damon-has-one-trait-a-list-stars-like-leonardo-dicaprio-lack,0,https://fed.brid.gy/r/https://www.comingsoon.net/movies/features/2186101-matt-damon-has-one-trait-a-list-stars-like-leonardo-dicaprio-lack,post,#TheOdyssey
2026-09-03T19:57:47Z,Mastodon,comingsoon.net@web.brid.gy,Matt Damon Set Photos Reveal The Odyssey Star’s Bizarre Superhero Costume for New Sci-Fi Movie https://fed.brid.gy/r/https://www.comingsoon.net/movies/news/2186057-matt-damon-set-photos-superhero-costume-sci-fi-movie,0,https://fed.brid.gy/r/https://www.comingsoon.net/movies/news/2186057-matt-damon-set-photos-superhero-costume-sci-fi-movie,post,#TheOdyssey
2026-09-03T18:20:07Z,Mastodon,deadline,‘The Odyssey’ Will Continue To Conquer Imax 70MM Screens Throughout September #News #IMAX #TheOdyssey https://deadline.com/2026/09/the-odyssey-imax-extended-run-1237067236/,2,https://mastodon.social/@deadline/117208488842556014,post,#TheOdyssey
2026-09-03T18:07:05Z,Mastodon,comingsoon.net@web.brid.gy,The Odyssey: Christopher Nolan Movie Gives Fans the IMAX 70MM News They’ve Been Waiting For https://fed.brid.gy/r/https://www.comingsoon.net/movies/news/2185923-christopher-nolan-the-odyssey-imax-showtimes-tickets-on-sale,1,https://fed.brid.gy/r/https://www.comingsoon.net/movies/news/2185923-christopher-nolan-the-odyssey-imax-showtimes-tickets-on-sale,post,#TheOdyssey
2026-09-03T16:20:08Z,Mastodon,hollywoodreporter,‘The Odyssey’ 70mm Imax Run Extended Yet Again #MovieNews #Movies #TheOdyssey https://www.hollywoodreporter.com/movies/movie-news/the-odyssey-70mm-imax-tickets-1236689705/,0,https://mastodon.social/@hollywoodreporter/117208017073648226,post,#TheOdyssey
2026-09-03T16:05:13Z,Mastodon,variety_feed,‘The Odyssey’ Extends Imax 70mm Run Through September as Imax Ticket Sales Surpass $450 Million #Variety #BoxOffice #ChristopherNolan #TheOdyssey https://variety.com/2026/film/box-office/the-odyssey-imax-70mm-extends-run-christopher-nolan-1236850139/,0,https://mastodon.social/@variety_feed/117207958368871945,post,#TheOdyssey
2026-09-03T12:31:26Z,Mastodon,theguardian_us_culture@halo.nu,Tall tales: the 20 best giants in film – ranked! https://www.theguardian.com/film/2026/sep/03/best-giants-in-film-ranked #Film #JonathanSwift #Books #Culture #HarryPotterAndTheGobletOfFire #TheOdyssey #TheHobbitAnUnexpectedJourney #ThePrincessBride,1,https://halo.nu/@theguardian_us_culture/117207117763507310,post,#TheOdyssey
2026-09-03T12:10:04Z,Mastodon,guardianfeeds@rssfeed.media,"Tall tales: the 20 best giants in film – ranked! By Anne Billson On the 300th anniversary of Gulliver’s Travels, we celebrate the biggest film stars of them all – from a stone colossus to a metal-munching alien and a 50ft woman on the rampage https://www.theguardian.com/film/2026/sep/03/best-giants-in-film-ranked #Film #JonathanSwift #Books #Culture #HarryPotterandtheGobletofFire #TheOdyssey #TheHobbitAnUnexpectedJourney #ThePrincessBride #TheGuardian #AnneBillson",1,https://rssfeed.media/@guardianfeeds/117207033746398925,post,#TheOdyssey
2026-09-03T07:51:06Z,Mastodon,rtlnieuws,"𝗘𝗹𝗹𝗶𝗼𝘁 𝗣𝗮𝗴𝗲 𝗸𝗹𝗮𝗮𝗿 𝘃𝗼𝗼𝗿 𝘃𝗼𝗹𝗴𝗲𝗻𝗱𝗲 𝗴𝗿𝗼𝘁𝗲 𝗿𝗼𝗹 𝗻𝗮 𝗧𝗵𝗲 𝗢𝗱𝘆𝘀𝘀𝗲𝘆 Elliot Page is klaar voor zijn volgende grote rol na The Odyssey. De acteur, die in 2020 bekendmaakte dat hij trans is, heeft nog geen nieuw werk aangeboden gekregen, vertelt hij in de podcast On Film… With Kevin McCarthy. ""Ik weet dat ik soms kritiek krijg omdat ik... Canadees ben?"", grapt Page. ""Ik... https://www.rtl.nl/boulevard/artikel/5647405/elliot-page-klaar-voor-volgende-grote-rol-na-odyssey #ElliotPage #groteRol #TheOdyssey",0,https://mastodon.social/@rtlnieuws/117206015414893924,post,#TheOdyssey
2026-09-03T04:34:28Z,Mastodon,comingsoon.net@web.brid.gy,Andrew Garfield Refuses To React to Tom Holland’s Spider-Man 4 & Odyssey Performances https://fed.brid.gy/r/https://www.comingsoon.net/movies/news/2185564-andrew-garfield-react-to-tom-holland-spider-man-4-the-odyssey-refuse,2,https://fed.brid.gy/r/https://www.comingsoon.net/movies/news/2185564-andrew-garfield-react-to-tom-holland-spider-man-4-the-odyssey-refuse,post,#TheOdyssey
2026-09-02T22:15:03Z,Mastodon,variety_feed,Ryan Reynolds Praises ‘The Odyssey’ After Passing ‘Deadpool & Wolverine’ to Become Biggest R-Rated Movie Ever: ‘Christopher Nolan Literally Breathes The Rarest Air on Earth’ #Variety #News #ChristopherNolan #Mayday #RyanReynolds #TheOdyssey https://variety.com/2026/film/news/ryan-reynolds-odyssey-nolan-deadpool-wolverine-mayday-1236849352/,2,https://mastodon.social/@variety_feed/117203750350998412,post,#TheOdyssey
2026-09-02T22:10:10Z,Mastodon,deadline,Roger Howard Dies; Glaser Weil Lawyer Steered Jason Reitman-Led Directors Coalition’s Purchase Of Iconic Westwood Village Theater #Legal #News #Obituaries #AlejandroGonzálezIñárritu #AmericanCinematheque #ChloeZhao #ChristopherNolan #FoxVillageTheater #GinaPrinceBythewood #JJAbrams #JasonReitman #Law #PatriciaGlaser #SethRogen #TheOdyssey #WestwoodFoxVillage https://deadline.com/2026/09/roger-howard-dead-hollywood-lawyer-1237063515/,0,https://mastodon.social/@deadline/117203731134494964,post,#TheOdyssey
2026-09-02T21:55:06Z,Mastodon,deadline,"Elliot Page Hasn’t Had Any Roles Since ‘The Odyssey’, But Feels He “Could Do Some Of My Best Work Now” #News #ElliotPage #TheOdyssey https://deadline.com/2026/09/elliot-page-hasnt-had-any-roles-since-the-odyssey-1237066174/",0,https://mastodon.social/@deadline/117203671900656510,post,#TheOdyssey
2026-09-02T20:20:13Z,Mastodon,variety_feed,Elliot Page Is ‘Not Really’ Getting Casting Calls After ‘The Odyssey’: ‘If Someone Wants to Call Me…I’d Love to Do Good Work’ #Variety #News #ChristopherNolan #ElliotPage #Inception #TheOdyssey https://variety.com/2026/film/news/elliot-page-casting-calls-after-odyssey-1236849618/,0,https://mastodon.social/@variety_feed/117203298756053094,post,#TheOdyssey
2026-09-02T19:37:46Z,Mastodon,TheMovieBlog@c.im,"Korea Box Office: The Odyssey Eclipses Spider-Man: Brand New Day The South Korean box office remains firmly under the control of The Odyssey. During the weekend of August 28 to 30, the Christopher Nolan-directed feature maintained its position at the top of the charts.... #ChristopherNolan #KimMijo #KimSoohoon #SpiderManBrandNewDay #TheOdyssey https://www.themovieblog.com/2026/08/korea-box-office-the-odyssey-eclipses-spider-man-brand-new-day/",1,https://c.im/@TheMovieBlog/117203131888893737,post,#TheOdyssey
2026-09-02T19:30:43Z,Mastodon,moviescape,"Ich habe es doch noch zu #DieOdyssee #TheOdyssey 🐴 ins #Kino geschafft und wie mir der Film gefallen hat, lest ihr hier: https://moviescape.blog/2026/09/02/die-odyssee-ot-the-odyssey-2026/",0,https://mastodon.social/@moviescape/117203104104450070,post,#TheOdyssey
2026-09-02T16:55:11Z,Mastodon,hollywoodreporter,Elliot Page Says He’s Not Getting Lots of Offers After Acclaimed ‘The Odyssey’ Role #MovieNews #Movies #ElliotPage #TheOdyssey https://www.hollywoodreporter.com/movies/movie-news/elliot-page-not-getting-offers-after-the-odyssey-1236688174/,1,https://mastodon.social/@hollywoodreporter/117202492554963638,post,#TheOdyssey
2026-09-02T10:35:03Z,Mastodon,variety_feed,"‘Spider-Man: Brand New Day’ Stays in Full Swing Atop U.K., Ireland Box Office as ‘The Odyssey’ Continues Voyage #Variety #BoxOffice #Global #News #CoyoteVsAcme #Insidiousoutofthefurther #SpiderManBrandNewDay #TheOdyssey https://variety.com/2026/film/box-office/spider-man-brand-new-day-odyssey-coyote-acme-uk-ireland-box-office-1236849104/",0,https://mastodon.social/@variety_feed/117200997825581760,post,#TheOdyssey
2026-09-02T09:00:05Z,Mastodon,variety_feed,‘Kung Fu Soccer’ Tops as China’s Summer Box Office Hits $1.86 Billion #Variety #Asia #BoxOffice #Global #News #KungFuSoccer #OnceUponaTimeintheMiddleEast #SpiderManBrandNewDay #TheOdyssey https://variety.com/2026/film/box-office/kung-fu-soccer-china-summer-box-office-1236849100/,0,https://mastodon.social/@variety_feed/117200624406344894,post,#TheOdyssey
2026-09-02T03:28:40Z,Mastodon,indiegenius,"Movie TV Tech Geeks #BooksandComics #TheOdyssey #Frankenstein The 10 Best Books That Are Over 100 Years Old, Ranked http://dlvr.it/TVHD17",0,https://mastodon.social/@indiegenius/117199321206699229,post,#TheOdyssey
2026-09-01T22:29:50Z,Mastodon,Bzzrt@mastoart.social,"I've seen Christopher Nolan's The Odyssey, and just watched The return by Uberto Pasolini. I prefer the latter. Love the setting, the tones and the pathos over the circus and plastic armor. #odysseus #movies #theodyssey #thereturn",1,https://mastoart.social/@Bzzrt/117198146155088164,post,#TheOdyssey
2026-09-01T19:41:58Z,Mastodon,raurquiz@c.im,#Happybirthday @zendaya #zendaya #actress #mj #spiderman #homecoming #farfromhome #nowayhome #brandnewday #Dune #part2 #part3 #Shrek5 #TheOdyssey #TheDrama #MalcolmandMarie #Smallfoot #SpaceJam #ANewLegacy #Challengers #thegreatestshowman #Euphoria #Frenemies #ShakeItUp #Zapped #KCUndercover #Blackish #TheOA #DuckDuckGoose,0,https://c.im/@raurquiz/117197486091952084,post,#TheOdyssey
2026-09-01T19:37:47Z,Mastodon,TheMovieBlog@c.im,"Korea Box Office: The Odyssey Eclipses Spider-Man: Brand New Day The South Korean box office remains firmly under the control of The Odyssey. During the weekend of August 28 to 30, the Christopher Nolan-directed feature maintained its position at the top of the charts.... #ChristopherNolan #KimMijo #KimSoohoon #SpiderManBrandNewDay #TheOdyssey https://www.themovieblog.com/2026/08/korea-box-office-the-odyssey-eclipses-spider-man-brand-new-day/",1,https://c.im/@TheMovieBlog/117197469586217910,post,#TheOdyssey
2026-09-01T17:18:16Z,Mastodon,Literarion@fandom.ink,"New podfic chapter: The Odyssey, Book 20: Odysseus Prepares for his Revenge Written by Homer. 34 min | Mature https://archiveofourown.org/works/57114529/chapters/241567956 #TheOdyssey #podfic #Homer #Odyssey",0,https://fandom.ink/@Literarion/117196920994349220,post,#TheOdyssey
2026-09-01T15:20:10Z,Mastodon,guardianfeeds@rssfeed.media,"Emily Wilson to retranslate the Odyssey from scratch By Emma Loffhagen Wilson, whose 2017 English translation of Homer’s epic poem inspired Christopher Nolan’s box office hit, is revisiting it after criticising the film adaptation https://www.theguardian.com/books/2026/sep/01/emily-wilson-to-retranslate-the-odyssey-from-scratch-christopher-nolan #Books #TheOdyssey #Poetry #ChristopherNolan #Culture #Homer #Filmadaptations #TheGuardian #EmmaLoffhagen",0,https://rssfeed.media/@guardianfeeds/117196456614638292,post,#TheOdyssey
2026-09-01T15:17:35Z,Mastodon,theguardian_us_culture@halo.nu,Emily Wilson to retranslate the Odyssey from scratch https://www.theguardian.com/books/2026/sep/01/emily-wilson-to-retranslate-the-odyssey-from-scratch-christopher-nolan #Books #TheOdyssey #Poetry #ChristopherNolan #Culture #Homer #FilmAdaptations,0,https://halo.nu/@theguardian_us_culture/117196446439381583,post,#TheOdyssey
2026-09-01T14:02:16Z,Mastodon,geekyonai,Christopher Nolan's The Odyssey and Has Fallen franchise updates Christopher Nolan’s *The Odyssey* has reached a worldwi... #TheOdyssey #HasFallen #UniversalPictures #BoxOffice https://geekyonai.com/en/article.html?id=1788271321637-christopher-nolan-s-the-odyssey-and-has-fallen-franchise-upd,0,https://mastodon.social/@geekyonai/117196150276145583,post,#TheOdyssey
2026-09-01T09:10:06Z,Mastodon,guardianfeeds@rssfeed.media,"Summer box office 2026: what can we learn from the hits and misses? By Benjamin Lee It was a bumper season for Hollywood, almost back to pre-pandemic levels, with Tom Holland blockbusters winning out, but there was still a string of disappointments https://www.theguardian.com/film/2026/sep/01/summer-movie-hits-misses #Filmindustry #Film #Business #SpiderManBrandNewDay #SpiderMan #TheOdyssey #ChristopherNolan #TomHolland #DisclosureDay #StevenSpielberg #TheDevilWearsPrada2 #Culture #Comedyfilms #Marvel #Radiocomedy #Comedy #TheGuardian #BenjaminLee",0,https://rssfeed.media/@guardianfeeds/117195001435691835,post,#TheOdyssey
2026-09-01T07:57:48Z,Mastodon,donporque,Zendaya cumple 30 años: ¿cómo pasó de Disney a dominar Hollywood? #Zendaya #Zendaya30 #Hollywood #Euphoria #SpiderMan #TheOdyssey #Dune3 #TomHolland #Cine #Celebridades #Moda #felizmartes #1deseptiembre https://donporque.com/zendaya-cumple-30-anos-hollywood/,0,https://mastodon.social/@donporque/117194717133559355,post,#TheOdyssey
2026-09-01T05:31:23Z,Mastodon,FilmBook,"Box Office – August 28-30, 2026: SPIDER-MAN: BRAND NEW DAY, COYOTE VS. ACME, THE ODYSSEY, & More Link: https://film-book.com/box-office-august-28-30-2026-spider-man-brand-new-day-coyote-vs-acme-the-odyssey-more/?fsp_sid=248357 #BoxOffice #Buddy #ComicBook #InsidiousOutoftheFurther #MarvelComics #MovieNews #Mutiny #PAWPatrolTheDinoMovie #SpiderManBrandNewDay #TheEndofOakStreet #TheOdyssey #Tony",0,https://mastodon.social/@FilmBook/117194141419139226,post,#TheOdyssey
2026-09-01T04:12:10Z,Mastodon,moonwalkerwiz@mastodon.sdf.org,"I almost laughed out loud in the cinema when Jon Bernthal's speaking scene finally came on in #TheOdyssey, and he's still very much the same Jon Bernthal in every Jon Bernthal movie and show just in Greek armor lol.",1,https://mastodon.sdf.org/@moonwalkerwiz/117193829973554009,post,#TheOdyssey
2026-09-01T01:30:00Z,Mastodon,Seth_Petsching,We meant to see The Odyssey a couple of weeks ago when it released in China but the theaters were packed. They finally weren’t so full this past weekend so we could go see it • #movie #movies #cinema #theater #movietheater #odyssey #film #thisiscinema #theodyssey,3,https://mastodon.social/@Seth_Petsching/117193192291170753,post,#TheOdyssey
2026-08-31T22:13:08Z,Mastodon,media@wakoka.com,https://www.wacoca.com/media/752745/ 【ネタバレなし予習】映画オデュッセイアを観る前にこれを見ろ！ 3000年前のギリシャ神話をゼロから解説【The Odyssey】 #143:1 #70mmフィルム #imax #IMAX70mm #IMAXGT #IMAXフィルム #IMAXメルボルン #movie #TheOdyssey #アテナ #イリアス #オデュッセイア #オデュッセイアネタバレなし #オデュッセイア感想 #オデュッセウス #ギリシャ神話 #クリストファー・ノーラン #ゼウス #トロイ映画 #トロイア戦争 #トロイの木馬 #ネタバレなし #ノーラン #ノーランオデュッセイア #ノーラン新作 #フィルム撮影 #ポセイドン #ホメロス #マット・デイモン #メルボルン #メルボルン博物館 #予習 #先行鑑賞 #叙事詩 #新作映画2026 #映像技術 #映画 #映画レビュー #映画 感想 #映画解説 #映画館体験 #海外先行公開,0,https://wakoka.com/@media/117192418157766156,post,#TheOdyssey
2026-08-31T14:09:20Z,Mastodon,movizark@mastodon.world,"'Coyote vs. Acme' Surprises No. 2 Spot & $15.4M Behind 'Spider-Man 4' as 'Dog Stars' Flops at the BO!! #CoyoteVsAcme, #SpiderManBrandNewDay, #TheDogStars, #Buddy, #TheOdyssey, #Insidious, #boxoffice",0,https://mastodon.world/@movizark/117190515815168699,post,#TheOdyssey
2026-08-31T11:15:00Z,Mastodon,comingsoon.net@web.brid.gy,"After Deadpool & Wolverine, The Odyssey Just Took Down The Avengers https://fed.brid.gy/r/https://www.comingsoon.net/movies/news/2183757-the-odyssey-beat-avengers-at-box-office",0,https://fed.brid.gy/r/https://www.comingsoon.net/movies/news/2183757-the-odyssey-beat-avengers-at-box-office,post,#TheOdyssey
2026-08-31T07:50:03Z,Mastodon,variety_feed,Korea Box Office: ‘The Odyssey’ Eclipses ‘Spider-Man: Brand New Day’ #Variety #Asia #BoxOffice #Global #News #Insidiousoutofthefurther #SpiderManBrandNewDay #TheEndofOakStreet #TheOdyssey https://variety.com/2026/film/box-office/korea-box-office-the-odyssey-spider-man-brand-new-day-the-journey-to-gyeongju-1236847124/,0,https://mastodon.social/@variety_feed/117189024353516994,post,#TheOdyssey
2026-08-31T07:15:04Z,Mastodon,variety_feed,China Box Office: ‘Once Upon a Time in the Middle East’ Continues Dominance #Variety #Asia #BoxOffice #Global #News #OnceUponaTimeintheMiddleEast #SpiderManBrandNewDay #TheOdyssey https://variety.com/2026/film/box-office/china-box-office-once-upon-a-time-in-the-middle-east-odyssey-spider-man-1236847114/,0,https://mastodon.social/@variety_feed/117188886819434101,post,#TheOdyssey
2026-08-30T20:26:16Z,Mastodon,indiegenius,Movie TV Tech Geeks #MovieNews #Troy #TheOdyssey #Peacock Roger Ebert Said “Homer’s Estate Should Sue” Over This ‘Odyssey’ Replacement Officially Leaving Streaming http://dlvr.it/TVFHkZ,0,https://mastodon.social/@indiegenius/117186335656670069,post,#TheOdyssey
2026-08-30T17:45:06Z,Mastodon,deadline,‘Spider-Man: Brand New Day’ & ‘Odyssey’ In Global Brawl Atop Late Summer Frame; Universal First To Cross $3B Overseas YTD – Worldwide Update #News #DogStars #SpiderManBrandNewDay #TheOdyssey #Universal https://deadline.com/2026/08/box-office-global-spider-man-odyssey-dog-stars-bombs-universal-1237062804/,0,https://mastodon.social/@deadline/117185701876875366,post,#TheOdyssey
2026-08-30T16:05:14Z,Mastodon,hollywoodreporter,‘Coyote vs. Acme’ Snags No. 2 With $15.4M as ‘Spider-Man’ Nears ‘Avatar 2’; ‘Dog Stars’ Put to Sleep #MovieNews #Movies #Boxoffice #CoyoteVsAcme #JacobElordi #JohnCena #LanaCondor #LooneyTunes #RidleyScott #SpiderManBrandNewDay #TheDogStars #TheOdyssey #Titanic #TomHolland #WillForte https://www.hollywoodreporter.com/movies/movie-news/coyote-vs-acme-box-office-spider-man-titanic-dog-stars-1236685104/,0,https://mastodon.social/@hollywoodreporter/117185309193588965,post,#TheOdyssey
2026-08-29T20:08:05Z,Mastodon,felipeB@hachyderm.io,"Someone made a movie called ""The Odyssey"" it has 2/10 in imdb and is basically unknown actors with cheap costumes and AI fx in the background. They beat Musk to it lmao #theodyssey #ChristopherNolan",0,https://hachyderm.io/@felipeB/117180601826147181,post,#TheOdyssey
2026-08-29T11:20:48Z,Mastodon,aamirbilal,"“Don’t look for Gods in men, you’ll just be disappointed.” #TheOdyssey",0,https://mastodon.social/@aamirbilal/117178528440861779,post,#TheOdyssey
2026-08-29T02:26:54Z,Mastodon,MikeMilzz@twit.social,finally saw #TheOdyssey in IMAX 70mm & it was worth the wait & seeing it a 2nd time First time seeing proper film in a while There were dust spots & other film stock issues that I’d forgotten about Didn’t seem as bright as digital either & multiple shots were out of focus but content was amazing,0,https://twit.social/@MikeMilzz/117176429108473801,post,#TheOdyssey
2026-08-28T22:48:08Z,Mastodon,Literarion@fandom.ink,"New podfic chapter: The Odyssey, Book 19: Eurycleia Recognizes Odysseus Written by Homer. 44 min | Mature https://archiveofourown.org/works/57114529/chapters/241566946 #TheOdyssey #podfic #Homer #Odyssey",0,https://fandom.ink/@Literarion/117175568851026647,post,#TheOdyssey
2026-08-28T09:36:16Z,Mastodon,indiegenius,Movie TV Tech Geeks #MovieNews #FordvFerrari #TheOdyssey #MattDamon Matt Damon and Jon Bernthal’s Pre-’Odyssey’ Epic Is Officially a #1 Streaming Hit http://dlvr.it/TVChPX,0,https://mastodon.social/@indiegenius/117172455087819324,post,#TheOdyssey
2026-08-27T21:52:36Z,Mastodon,brianvastag@mas.to,"Saw The Odyssey last night at our island's last remaining theater, a 1930s art deco building now run by a local non-profit. Pretty much a full house for the last of five showings over a week. I enjoyed it although...during bright scenes I wanted to walk up to the screen and smooth the wrinkles. Also: ""Dad!"" seemed...a tad informal for the palace and it made me snort a piece of popcorn up my nose. #TheOdyssey #film #movies",7,https://mas.to/@brianvastag/117169688173230905,post,#TheOdyssey
2026-08-27T19:49:26Z,Mastodon,TempleOfDionysus@pagan.plus,"Zeus' Law of Xenia ""Hermes may have been drunk when English was invented, but we can educate without being a**holes, yeah?!"" https://www.patreon.com/posts/166210482?utm_campaign=postshare_fan&utm_content=android_share #Xenia #zeuslaw #zeusxenios #hospitality #hermes #zeus #hellenicpolytheism #patreon #theoi #theodyssey #theodyssey2026 #kindnesstostangers",0,https://pagan.plus/@TempleOfDionysus/117169203888633328,post,#TheOdyssey
2026-08-27T18:35:03Z,Mastodon,variety_feed,"Oscars: 7 Films That Could Define the Awards Season, From ‘The Odyssey’ to ‘Michael’ #Variety #Awards #News #Michael #Oscars #TheOdyssey #ToyStory5 https://variety.com/2026/film/awards/2027-oscars-films-oscars-odyssey-michael-taylor-swift-1236841799/",0,https://mastodon.social/@variety_feed/117168911376744003,post,#TheOdyssey
2026-08-27T17:15:07Z,Mastodon,variety_feed,Matthew McConaughey Starrer ‘The Rivals of Amziah King’ Wins at Haugesund – but the Ship From ‘The Odyssey’ Threatens to Steal the Show #Variety #Awards #Global #MarketsFestivals #News #Butterfly #Pressure #TheNorwegianInternationalFilmFestivalHaugesund #TheOdyssey #TheRivalsofAmziahKing https://variety.com/2026/awards/awards/matthew-mcconaughey-the-rivals-of-amziah-king-haugesund-1236845010/,0,https://mastodon.social/@variety_feed/117168597098106107,post,#TheOdyssey
2026-08-27T15:10:24Z,Mastodon,Lazarou,"Hearing that the Transphobe Jonathan Ross didn't like the Odyssey movie only makes it better! Thousands of his own money he's put into Anti-Trans causes, the annoying bore is pure Terf Island. #TheOdyssey #JonathanRoss #TerfIsland #Cinema",4,https://mastodon.social/@Lazarou/117168106682112522,post,#TheOdyssey
2026-08-26T21:41:06Z,Mastodon,dbattistella@mstdn.ca,"Author Jeremy Harding on the politics of film location shoots. ""In The Odyssey, Nolan alludes to the ills of colonial adventure, but he had no qualms about filming in Western Sahara. Sahrawi independence activists and artists tried to approach the production team during the shoot and plead for a reappraisal but they were kept at bay by Moroccan security. But Western Sahara is not Morocco and Nolan crossed a line. Would he cross another, a few years down the road, if Israel and the Board of Peace (© Donald Trump) offered him access, with IDF security, to the photogenic ruins of Gaza for a film version of Samson Agonistes?"" #WestSahara #Sahrawi #Colonialism #Indigenous #Film #Cinema #TheOdyssey #FrancisFordCoppola #ApocalypseNow #ChristopherNolan https://www.lrb.co.uk/blog/2026/august/a-small-part-of-paradise",2,https://mstdn.ca/@dbattistella/117163980659865926,post,#TheOdyssey
2026-08-26T19:55:53Z,Mastodon,Luismi_cervus@masto.es,Aquí os dejo mi reseña de «The Odyssey» de Christopher Nolan. https://boxd.it/g2tW3B #película #cine #odisea #TheOdyssey #ChristopherNolan,0,https://masto.es/@Luismi_cervus/117163566941406760,post,#TheOdyssey
2026-08-26T19:47:33Z,Mastodon,movizark@mastodon.world,"'The Odyssey' Officially Becomes Christopher Nolan’s Highest Domestic Grosser!! #TheOdyssey, #TheDarkKnight, #TheDarkKnightRises, #Oppenheimer, #Dunkirk, #BatmanBegins, #ChristopherNolan",1,https://mastodon.world/@movizark/117163534136971173,post,#TheOdyssey
2026-08-26T04:46:19Z,Mastodon,MaikCiveira,The discourse around The Odyssey was mostly annoying - La discusión alrededor de La Odisea ha sido más bien fastidiosa #theodyssey #christophernolan https://youtu.be/Wk-tGdaVDLs?si=UBk-l8zJv_h5kZTs,0,https://mastodon.social/@MaikCiveira/117159990342154452,post,#TheOdyssey
2026-08-25T22:46:12Z,Mastodon,indiegenius,"Movie TV Tech Geeks #Movie #TheOdyssey #TheFather The 10 Best Films of the 2020s (So Far), Ranked http://dlvr.it/TV9fk6",1,https://mastodon.social/@indiegenius/117158574331879714,post,#TheOdyssey
2026-08-25T20:05:24Z,Mastodon,Literarion@fandom.ink,"New podfic chapter: The Odyssey, Book 18: Odysseus and Irus the Beggar Written by Homer. 30 min | Mature https://archiveofourown.org/works/57114529/chapters/240534126 #TheOdyssey #podfic #Homer #Odyssey",0,https://fandom.ink/@Literarion/117157942017784042,post,#TheOdyssey
2026-08-25T16:24:42Z,Mastodon,TheMovieBlog@c.im,"The Odyssey Shatters Final Christopher Nolan Box Office Record The latest cinematic achievement from writer-director Christopher Nolan has reached a new milestone. The Odyssey, his star-studded adaptation of the classic epic poem, has officially become the filmmaker's highest-grossing movie worldwide.... #annehathaway #ChristopherNolan #MattDamon #TheOdyssey #TomHolland https://www.themovieblog.com/2026/08/the-odyssey-shatters-final-christopher-nolan-box-office-record/",1,https://c.im/@TheMovieBlog/117157074190949545,post,#TheOdyssey
2026-08-25T08:01:07Z,Mastodon,justpastemovies,Regal Launches Rewards+ Loyalty Program Amid Company’s Record-Setting Summer (Exclusive) — Explained https://justpaste.in/movies/regal-launches-rewards-loyalty-program-amid-companys-record-setting-summer-exclusive-explained/ #RegalEntertainmentGroup #SpiderManBrandNewDay #TheOdyssey #Business #BusinessNews,0,https://mastodon.social/@justpastemovies/117155094052274110,post,#TheOdyssey
2026-08-25T07:05:03Z,Mastodon,variety_feed,"‘Spider-Man: Brand New Day,’ ‘The Odyssey’ Extend Battle Atop U.K. and Ireland Box Office as ‘Insidious’ Makes Strong Debut #Variety #BoxOffice #Global #News #Insidiousoutofthefurther #SpaWeekend #SpiderManBrandNewDay #TheOdyssey https://variety.com/2026/film/box-office/spider-man-brand-new-day-odyssey-insidious-uk-ireland-box-office-1236842186/",1,https://mastodon.social/@variety_feed/117154873545341285,post,#TheOdyssey
2026-08-25T02:48:51Z,Mastodon,indiegenius,Movie TV Tech Geeks #MovieNews #TheOdyssey #ChristopherNolan Christopher Nolan's Record-Breaking Historical Epic Officially Sets Brand New Release Date http://dlvr.it/TV8twJ,0,https://mastodon.social/@indiegenius/117153866140282891,post,#TheOdyssey
2026-08-24T23:01:22Z,Mastodon,indiegenius,Movie TV Tech Geeks #MovieNews #TheOdyssey #ChristopherNolan Christopher Nolan Officially Beats His ‘Dark Knight’ Box Office Record After 18 Years http://dlvr.it/TV8pp6,0,https://mastodon.social/@indiegenius/117152971673021167,post,#TheOdyssey
2026-08-24T16:00:15Z,Mastodon,hollywoodreporter,Regal Launches Rewards+ Loyalty Program Amid Company’s Record-Setting Summer (Exclusive) #Business #BusinessNews #RegalEntertainmentGroup #SpiderManBrandNewDay #TheOdyssey https://www.hollywoodreporter.com/business/business-news/regal-rewards-plus-loyalty-program-record-summer-1236679692/,0,https://mastodon.social/@hollywoodreporter/117151315775338347,post,#TheOdyssey
2026-08-24T12:32:31Z,Mastodon,FakeScrumStats@techhub.social,#scrum #scrumteam #dev #developer #qa #scrummaster #productowner #blockers #theodyssey #clearingblockages #Meme #memes #Humor #humour,10,https://techhub.social/@FakeScrumStats/117150498923941891,post,#TheOdyssey
2026-08-24T11:59:13Z,Mastodon,movizark@mastodon.world,"'Spider-Man: Brand New Day' Stays on Top With $39M, While 'Insidious 6' Opens Strong with $25M at BO!! #SpiderManBrandNewDay, #TheOdyssey, #Insidious, #OutoftheFurther, #TheEndofOakStreet, #Mutiny, #SpaWeekend, #PawPetrol, #TheDinoMovie, #boxoffice",1,https://mastodon.world/@movizark/117150367986456250,post,#TheOdyssey
2026-08-24T11:11:13Z,Mastodon,nekotsukistudio.bsky.social@bsky.brid.gy,"Les 2.2 milliards de $ de #SpiderManBrandNewDay ne doivent pas vous faire perdre de vue les 1.4 milliards de #TheOdyssey ! A mon avis, ça va être très très dur pour les films restant de l'année qui auraient l'espoir d'aller chercher ces deux là (surtout que leur exploitation n'est pas finie. 😅). RE: https://bsky.app/profile/did:plc:gecergrexhnl5pwn4itwss3y/post/3mtrqqtiv5c2c",1,https://fed.brid.gy/r/https://bsky.app/profile/did:plc:skpzh4aoocs7t7dsyxissbqi/post/3mtt67oqrfs2p,post,#TheOdyssey
2026-08-24T07:28:03Z,Mastodon,feminegra@feminegra.com,"The Odyssey Just Passed $1.4 Billion; Culture-War Grifters Are Painfully Silent Before The Odyssey had even reached cinemas, a section of the right‑wing internet had already decided it needed to fail. Christopher Nolan’s crime, apparently, was assembling a cast that did not conform to their preferred image of ancient Greece. Lupita Nyong’o’s casting as both Helen of Troy and her twin sister Clytemnestra became a particular target, with racist commentary questioning whether a Black woman could possibly embody a figure celebrated for her beauty. Elliot Page was subjected to transphobic attacks, including criticism based on false rumours that he was playing Achilles when he was actually cast as Sinon. The outrage became less about Homer and more about who some people believed should be allowed to exist inside a prestigious Hollywood epic. Elon Musk helped pour fuel on it. He repeatedly attacked Nolan’s casting choices on his platform X, accused the director of sacrificing his integrity an",0,https://feminegra.com/the-odyssey-just-passed-1-4-billion-culture-war-grifters-are-painfully-silent/,post,#TheOdyssey
2026-08-24T06:42:26Z,Mastodon,Data_Threads@piaille.fr,🇬🇧 🇺🇸 Wikipedia anglophone ? 1. Hayden Panettiere #HaydenPanettiere 2. Kevin Keegan #KevinKeegan 3. The Odyssey (2026 film) #TheOdyssey(2026Film),0,https://piaille.fr/@Data_Threads/117149122320575080,post,#TheOdyssey
2026-08-24T06:05:04Z,Mastodon,variety_feed,Korea Box Office: ‘The Odyssey’ Outmuscles ‘Spider-Man: Brand New Day’ to Hold Top Spot #Variety #Asia #BoxOffice #Global #News #Hope #NaHongjin #SpiderManBrandNewDay #TheOdyssey https://variety.com/2026/film/box-office/korea-box-office-the-odyssey-spider-man-brand-new-day-insidious-1236841339/,0,https://mastodon.social/@variety_feed/117148975376997977,post,#TheOdyssey
2026-08-24T05:30:05Z,Mastodon,variety_feed,China Box Office: ‘Once Upon a Time in the Middle East’ Stays on Top as ‘V’ Debuts in Second #Variety #Asia #BoxOffice #Global #News #AllWishesComeTrue #OnceUponaTimeintheMiddleEast #SpiderManBrandNewDay #TheOdyssey https://variety.com/2026/film/box-office/china-box-office-once-upon-a-time-in-the-middle-east-v-1236841327/,0,https://mastodon.social/@variety_feed/117148837825294160,post,#TheOdyssey
2026-08-24T04:38:33Z,Mastodon,comingsoon.net@web.brid.gy,Insidious 6 Leads Sony To Huge Box Office Victory With Spider-Man https://fed.brid.gy/r/https://www.comingsoon.net/movies/news/2180727-insidious-6-box-office-out-of-the-further-sony-win,0,https://fed.brid.gy/r/https://www.comingsoon.net/movies/news/2180727-insidious-6-box-office-out-of-the-further-sony-win,post,#TheOdyssey
2026-08-24T03:34:25Z,Mastodon,comingsoon.net@web.brid.gy,Christopher Nolan’s The Odyssey Is Set To Achieve What Oppenheimer Failed at https://fed.brid.gy/r/https://www.comingsoon.net/movies/news/2180711-the-odyssey-box-office-to-beat-barbie,0,https://fed.brid.gy/r/https://www.comingsoon.net/movies/news/2180711-the-odyssey-box-office-to-beat-barbie,post,#TheOdyssey
2026-08-24T02:07:10Z,Mastodon,popgeeks@masto.popgeeks.com,ICYMI: The Odyssey Will Hit Disc And Digital On The Same Day https://popgeeks.com/the-odyssey-will-hit-disc-and-digital-on-the-same-day/?utm_source=dlvr.it&utm_medium=mastodon #TheOdyssey #ChristopherNolan #HomeVideo #MovieRelease #BluRay,0,https://masto.popgeeks.com/@popgeeks/117148039922370414,post,#TheOdyssey
2026-08-23T23:31:49Z,Mastodon,justpastemovies,The Odyssey Shatters Final Christopher Nolan Box Office Record You Should Know https://justpaste.in/movies/the-odyssey-shatters-final-christopher-nolan-box-office-record-you-should-know/ #AnneHathaway #ChristopherNolan #MattDamon #TheOdyssey #TomHolland,0,https://mastodon.social/@justpastemovies/117147429045521092,post,#TheOdyssey
2026-08-23T17:55:03Z,Mastodon,deadline,"‘Spider-Man: Brand New Day’ No. 1 $109M WW, ‘Insidious’ Franchise Rises To $800M WW – Global Box Office #News #InsidiousOutOfTheFurther #Obsession #SpiderManBrandNewDay #TheOdyssey https://deadline.com/2026/08/global-box-office-spider-man-brand-new-day-insidious-6-1237048315/",0,https://mastodon.social/@deadline/117146104863686264,post,#TheOdyssey
2026-08-23T09:59:07Z,Mastodon,delsofaalacocina@mastodon.world,"¡Nuevo programa! s15e24: Especial verano, donde os hablamos de series como #Lanterns, #WidowsBay, #DarkMatter, #MargosGotMoneyTroubles, #Trying, #OffCampus, #SterlingPoint, #EveryYearAfter y #TheFiveStarWeekend, antes de meternos con las pelis y comentar #VoicemailsforIsabelle, #Obsession, #Backrooms, #Undertone, #TheOdyssey y #SpiderManBrandNewDay. ¡Nos escuchamos pronto! https://delsofaalacocina.com/2026/08/s15e24-especial-verano/",3,https://mastodon.world/@delsofaalacocina/117144233437017701,post,#TheOdyssey
2026-08-23T02:35:24Z,Mastodon,MaikCiveira,¡NUEVO ADELANTO en PATREON! Porque usted (o alguien) lo pidió: mi análisis de la película que ha hecho refunfuñar a señoros analfabetos y a eruditos clasicistas por igual: LA ODISEA #laodisea #theodyssey #peliculas #cine https://www.patreon.com/MaikCiveira/posts/christopher-y-el-167266797?utm_medium=clipboard_copy&utm_source=copyLink&utm_campaign=postshare_creator&utm_content=join_link,0,https://mastodon.social/@MaikCiveira/117142488615447004,post,#TheOdyssey
2026-08-22T21:39:22Z,Mastodon,indiegenius,Movie TV Tech Geeks #BooksandComics #TheStand #TheOdyssey 10 Great Books That Are Better As Audiobooks http://dlvr.it/TV7T27,0,https://mastodon.social/@indiegenius/117141324590275245,post,#TheOdyssey
2026-08-22T19:37:51Z,Mastodon,RockyC@fosstodon.org,Holy wow if “The Odyssey” doesn’t win EVERY SINGLE AWARD I’ll be dumbfounded. I don’t think that I have EVER seen a movie that well done. #TheOdyssey,0,https://fosstodon.org/@RockyC/117140846758999821,post,#TheOdyssey
2026-08-22T15:02:35Z,Mastodon,frumble@chaos.social,VFX Artist Debunks #TheOdyssey https://youtu.be/8yRFeout9dk #DieOdyssee,0,https://chaos.social/@frumble/117139764393220424,post,#TheOdyssey
2026-08-22T02:03:20Z,Mastodon,popgeeks@masto.popgeeks.com,The Odyssey Will Hit Disc And Digital On The Same Day https://popgeeks.com/the-odyssey-will-hit-disc-and-digital-on-the-same-day/?utm_source=dlvr.it&utm_medium=mastodon #TheOdyssey #ChristopherNolan #HomeVideo #BluRay #4K,0,https://masto.popgeeks.com/@popgeeks/117136700262726198,post,#TheOdyssey
2026-08-21T22:18:29Z,Mastodon,nerdist.com@web.brid.gy,THE ODYSSEY Arrives on Digital and 4K Ultra HD in November https://fed.brid.gy/r/https://nerdist.com/article/the-odyssey-arrives-on-digital-and-4k-ultra-hd-in-november/,0,https://fed.brid.gy/r/https://nerdist.com/article/the-odyssey-arrives-on-digital-and-4k-ultra-hd-in-november/,post,#TheOdyssey
2026-08-21T21:48:18Z,Mastodon,comingsoon.net@web.brid.gy,"The Odyssey Digital, 4K, & Blu-ray Release Dates Bring Christopher Nolan Movie Home https://fed.brid.gy/r/https://www.comingsoon.net/movies/news/2180523-the-odyssey-digital-4k-blu-ray-release-date",1,https://fed.brid.gy/r/https://www.comingsoon.net/movies/news/2180523-the-odyssey-digital-4k-blu-ray-release-date,post,#TheOdyssey
2026-08-21T20:15:53Z,Mastodon,aichablogs,Recreate this Zendaya-inspired makeup look with me! 💄✨ #ZendayaMakeup #Zendaya #TheOdyssey #MakeupTutorial #CelebrityMakeup #HollywoodGlam #GlamMakeup #MakeupInspiration https://aichablogs.com/zendaya-odyssey-makeup-tutorial/,0,https://mastodon.social/@aichablogs/117135334007825532,post,#TheOdyssey
2026-08-21T20:15:04Z,Mastodon,variety_feed,"‘The Odyssey’ Sets Digital, 4K Blu-ray Release Dates #Variety #News #TheOdyssey https://variety.com/2026/film/news/odyssey-digital-4k-blu-ray-release-1236840376/",1,https://mastodon.social/@variety_feed/117135330817051790,post,#TheOdyssey
2026-08-21T15:35:18Z,Mastodon,variety_feed,"Amid ‘Spider-Man’ and ‘The Odyssey’ Leaks, Hollywood’s Battle Against Piracy Enters a Whole New Era #Variety #Features #ChristopherNolan #Piracy #SpiderManBrandNewDay #TheOdyssey https://variety.com/2026/film/features/movie-piracy-spider-man-odyssy-leak-online-1236837027/",1,https://mastodon.social/@variety_feed/117134230705985414,post,#TheOdyssey
2026-08-21T14:41:06Z,Mastodon,nyrdcast,"Nyrdcast Podcast 244: Back Door Kind of Guy Topics: #XMen Casting, #Lanterns #Beer: #NoonWhistle Gummypalooza #Music: #12to6Movement #podcasts #podcasting #podernfamily #MCU #DC #Marvel #EndofOakStreet #TheOdyssey #wrestling #wwe #comicbooks #movies #TV https://www.nyrdcast.com/2026/08/nyrdcast-podcast-244-back-door/",0,https://mastodon.social/@nyrdcast/117134017586680925,post,#TheOdyssey
